Workbook

Sheet Dashboard
A1: Inventory Management Dashboard
A2: Mobile accessories store - 1 year (Jan-Dec)
B4: Month: | C4: Jan | E4: Category: | F4: Cases | H4: Product: | I4: All
A6: Note: Cost Metrics, Stock/Reorder, Sales Analysis and Health Check below respond to these filters. Overall totals (Layer 1) never change.
A8: Layer 1 - Overall Totals (always unfiltered)
A9: Total Stock Available (Units) | F9: Total Cost of Inventory (Rs)
A10: =SUM('Product Summary'!$T$2:$T$51) -> 16933 | F10: =SUM('Product Summary'!$E$2:$E$51) -> 34893890
A12: Layer 2 - Cost Metrics (filtered)
A14: Ordering Cost / Order (Rs) | D14: Value at Cost (Filtered, Rs) | H14: Overstock / Slow-Moving Value (Filtered, Rs)
A15: =AVERAGE('Item Master'!$G$2:$G$51) -> 500 | D15: =SUMPRODUCT((Calculations!$D$2:$D$601=IF($C$4="All",Calculations!$D$2:$D$601,$C$4))*(Calculations!$C$2:$C$601=IF($F$4="All",Calculations!$C$2:$C$601,$F$4))*(Calculations!$B$2:$B$601=IF($I$4="All",Calculations!$B$2:$B$601,$I$4))*(Calculations!$L$2:$L$601)) -> 121950 | H15: {=SUMPRODUCT((Calculations!$D$2:$D$601=IF($C$4="All","Dec",$C$4))*(Calculations!$C$2:$C$601=IF($F$4="All",Calculations!$C$2:$C$601,$F$4))*(Calculations!$B$2:$B$601=IF($I$4="All",Calculations!$B$2:$B$601,$I$4))*(Calculations!$S$2:$S$601="OVERSTOCK")*(Calculations!$J$2:$J$601)*(Calculations!$K$2:$K$601))} -> 0
A17: Layer 3 - Stock Availability & Reorder Status (filtered)
A18: Current Stock (Units) | D18: Reorder Level (Units) | G18: Safety Stock (Units) | I18: Avg Days Until Reorder (ALARM if low)
A19: =SUMPRODUCT((Calculations!$D$2:$D$601=IF($C$4="All","Dec",$C$4))*(Calculations!$C$2:$C$601=IF($F$4="All",Calculations!$C$2:$C$601,$F$4))*(Calculations!$B$2:$B$601=IF($I$4="All",Calculations!$B$2:$B$601,$I$4))*(Calculations!$J$2:$J$601)) -> 1414 | D19: =SUMPRODUCT((Calculations!$D$2:$D$601=IF($C$4="All","Dec",$C$4))*(Calculations!$C$2:$C$601=IF($F$4="All",Calculations!$C$2:$C$601,$F$4))*(Calculations!$B$2:$B$601=IF($I$4="All",Calculations!$B$2:$B$601,$I$4))*(Calculations!$P$2:$P$601)) -> 130.42998 | G19: =SUMPRODUCT((Calculations!$D$2:$D$601=IF($C$4="All","Dec",$C$4))*(Calculations!$C$2:$C$601=IF($F$4="All",Calculations!$C$2:$C$601,$F$4))*(Calculations!$B$2:$B$601=IF($I$4="All",Calculations!$B$2:$B$601,$I$4))*(Calculations!$O$2:$O$601)) -> 46.188889 | I19: =IFERROR(SUMPRODUCT((Calculations!$D$2:$D$601=IF($C$4="All","Dec",$C$4))*(Calculations!$C$2:$C$601=IF($F$4="All",Calculations!$C$2:$C$601,$F$4))*(Calculations!$B$2:$B$601=IF($I$4="All",Calculations!$B$2:$B$601,$I$4))*(Calculations!$R$2:$R$601))/SUMPRODUCT((Calculations!$D$2:$D$601=IF($C$4="All","Dec",$C$4))*(Calculations!$C$2:$C$601=IF($F$4="All",Calculations!$C$2:$C$601,$F$4))*(Calculations!$B$2:$B$601=IF($I$4="All",Calculations!$B$2:$B$601,$I$4))*1),0) -> 82.797911
A21: Products Needing Reorder Now (count, filtered)
A22: =SUMPRODUCT((Calculations!$D$2:$D$601=IF($C$4="All","Dec",$C$4))*(Calculations!$C$2:$C$601=IF($F$4="All",Calculations!$C$2:$C$601,$F$4))*(Calculations!$B$2:$B$601=IF($I$4="All",Calculations!$B$2:$B$601,$I$4))*(Calculations!$S$2:$S$601="REORDER NOW")) -> 0 | E22: Tip: open the Calculations sheet and use the column filter arrows for the full row-by-row list.
A24: Layer 4 - Sales Analysis (filtered, by month)
A25: Month | B25: Units Sold | C25: Cost (Rs) | E25: Category | F25: Cost Contribution (Rs)
A26: Jan | B26: =SUMPRODUCT((Calculations!$D$2:$D$601="Jan")*(Calculations!$C$2:$C$601=IF($F$4="All",Calculations!$C$2:$C$601,$F$4))*(Calculations!$B$2:$B$601=IF($I$4="All",Calculations!$B$2:$B$601,$I$4))*(Calculations!$H$2:$H$601)) -> 477 | C26: =SUMPRODUCT((Calculations!$D$2:$D$601="Jan")*(Calculations!$C$2:$C$601=IF($F$4="All",Calculations!$C$2:$C$601,$F$4))*(Calculations!$B$2:$B$601=IF($I$4="All",Calculations!$B$2:$B$601,$I$4))*(Calculations!$L$2:$L$601)) -> 121950 | E26: Accessories | F26: =SUMPRODUCT((Calculations!$D$2:$D$601=IF($C$4="All",Calculations!$D$2:$D$601,$C$4))*(Calculations!$C$2:$C$601="Accessories")*(Calculations!$B$2:$B$601=IF($I$4="All",Calculations!$B$2:$B$601,$I$4))*(Calculations!$L$2:$L$601)) -> 42100
A27: Feb | B27: =SUMPRODUCT((Calculations!$D$2:$D$601="Feb")*(Calculations!$C$2:$C$601=IF($F$4="All",Calculations!$C$2:$C$601,$F$4))*(Calculations!$B$2:$B$601=IF($I$4="All",Calculations!$B$2:$B$601,$I$4))*(Calculations!$H$2:$H$601)) -> 465 | C27: =SUMPRODUCT((Calculations!$D$2:$D$601="Feb")*(Calculations!$C$2:$C$601=IF($F$4="All",Calculations!$C$2:$C$601,$F$4))*(Calculations!$B$2:$B$601=IF($I$4="All",Calculations!$B$2:$B$601,$I$4))*(Calculations!$L$2:$L$601)) -> 121250 | E27: Audio | F27: =SUMPRODUCT((Calculations!$D$2:$D$601=IF($C$4="All",Calculations!$D$2:$D$601,$C$4))*(Calculations!$C$2:$C$601="Audio")*(Calculations!$B$2:$B$601=IF($I$4="All",Calculations!$B$2:$B$601,$I$4))*(Calculations!$L$2:$L$601)) -> 1531100
A28: Mar | B28: =SUMPRODUCT((Calculations!$D$2:$D$601="Mar")*(Calculations!$C$2:$C$601=IF($F$4="All",Calculations!$C$2:$C$601,$F$4))*(Calculations!$B$2:$B$601=IF($I$4="All",Calculations!$B$2:$B$601,$I$4))*(Calculations!$H$2:$H$601)) -> 458 | C28: =SUMPRODUCT((Calculations!$D$2:$D$601="Mar")*(Calculations!$C$2:$C$601=IF($F$4="All",Calculations!$C$2:$C$601,$F$4))*(Calculations!$B$2:$B$601=IF($I$4="All",Calculations!$B$2:$B$601,$I$4))*(Calculations!$L$2:$L$601)) -> 118200 | E28: Cables | F28: =SUMPRODUCT((Calculations!$D$2:$D$601=IF($C$4="All",Calculations!$D$2:$D$601,$C$4))*(Calculations!$C$2:$C$601="Cables")*(Calculations!$B$2:$B$601=IF($I$4="All",Calculations!$B$2:$B$601,$I$4))*(Calculations!$L$2:$L$601)) -> 109090
A29: Apr | B29: =SUMPRODUCT((Calculations!$D$2:$D$601="Apr")*(Calculations!$C$2:$C$601=IF($F$4="All",Calculations!$C$2:$C$601,$F$4))*(Calculations!$B$2:$B$601=IF($I$4="All",Calculations!$B$2:$B$601,$I$4))*(Calculations!$H$2:$H$601)) -> 447 | C29: =SUMPRODUCT((Calculations!$D$2:$D$601="Apr")*(Calculations!$C$2:$C$601=IF($F$4="All",Calculations!$C$2:$C$601,$F$4))*(Calculations!$B$2:$B$601=IF($I$4="All",Calculations!$B$2:$B$601,$I$4))*(Calculations!$L$2:$L$601)) -> 117050 | E29: Cases | F29: =SUMPRODUCT((Calculations!$D$2:$D$601=IF($C$4="All",Calculations!$D$2:$D$601,$C$4))*(Calculations!$C$2:$C$601="Cases")*(Calculations!$B$2:$B$601=IF($I$4="All",Calculations!$B$2:$B$601,$I$4))*(Calculations!$L$2:$L$601)) -> 121950
A30: May | B30: =SUMPRODUCT((Calculations!$D$2:$D$601="May")*(Calculations!$C$2:$C$601=IF($F$4="All",Calculations!$C$2:$C$601,$F$4))*(Calculations!$B$2:$B$601=IF($I$4="All",Calculations!$B$2:$B$601,$I$4))*(Calculations!$H$2:$H$601)) -> 434 | C30: =SUMPRODUCT((Calculations!$D$2:$D$601="May")*(Calculations!$C$2:$C$601=IF($F$4="All",Calculations!$C$2:$C$601,$F$4))*(Calculations!$B$2:$B$601=IF($I$4="All",Calculations!$B$2:$B$601,$I$4))*(Calculations!$L$2:$L$601)) -> 116400 | E30: Chargers | F30: =SUMPRODUCT((Calculations!$D$2:$D$601=IF($C$4="All",Calculations!$D$2:$D$601,$C$4))*(Calculations!$C$2:$C$601="Chargers")*(Calculations!$B$2:$B$601=IF($I$4="All",Calculations!$B$2:$B$601,$I$4))*(Calculations!$L$2:$L$601)) -> 209950
A31: Jun | B31: =SUMPRODUCT((Calculations!$D$2:$D$601="Jun")*(Calculations!$C$2:$C$601=IF($F$4="All",Calculations!$C$2:$C$601,$F$4))*(Calculations!$B$2:$B$601=IF($I$4="All",Calculations!$B$2:$B$601,$I$4))*(Calculations!$H$2:$H$601)) -> 451 | C31: =SUMPRODUCT((Calculations!$D$2:$D$601="Jun")*(Calculations!$C$2:$C$601=IF($F$4="All",Calculations!$C$2:$C$601,$F$4))*(Calculations!$B$2:$B$601=IF($I$4="All",Calculations!$B$2:$B$601,$I$4))*(Calculations!$L$2:$L$601)) -> 120950 | E31: Gaming | F31: =SUMPRODUCT((Calculations!$D$2:$D$601=IF($C$4="All",Calculations!$D$2:$D$601,$C$4))*(Calculations!$C$2:$C$601="Gaming")*(Calculations!$B$2:$B$601=IF($I$4="All",Calculations!$B$2:$B$601,$I$4))*(Calculations!$L$2:$L$601)) -> 44000
A32: Jul | B32: =SUMPRODUCT((Calculations!$D$2:$D$601="Jul")*(Calculations!$C$2:$C$601=IF($F$4="All",Calculations!$C$2:$C$601,$F$4))*(Calculations!$B$2:$B$601=IF($I$4="All",Calculations!$B$2:$B$601,$I$4))*(Calculations!$H$2:$H$601)) -> 482 | C32: =SUMPRODUCT((Calculations!$D$2:$D$601="Jul")*(Calculations!$C$2:$C$601=IF($F$4="All",Calculations!$C$2:$C$601,$F$4))*(Calculations!$B$2:$B$601=IF($I$4="All",Calculations!$B$2:$B$601,$I$4))*(Calculations!$L$2:$L$601)) -> 122500 | E32: Peripherals | F32: =SUMPRODUCT((Calculations!$D$2:$D$601=IF($C$4="All",Calculations!$D$2:$D$601,$C$4))*(Calculations!$C$2:$C$601="Peripherals")*(Calculations!$B$2:$B$601=IF($I$4="All",Calculations!$B$2:$B$601,$I$4))*(Calculations!$L$2:$L$601)) -> 79600
A33: Aug | B33: =SUMPRODUCT((Calculations!$D$2:$D$601="Aug")*(Calculations!$C$2:$C$601=IF($F$4="All",Calculations!$C$2:$C$601,$F$4))*(Calculations!$B$2:$B$601=IF($I$4="All",Calculations!$B$2:$B$601,$I$4))*(Calculations!$H$2:$H$601)) -> 433 | C33: =SUMPRODUCT((Calculations!$D$2:$D$601="Aug")*(Calculations!$C$2:$C$601=IF($F$4="All",Calculations!$C$2:$C$601,$F$4))*(Calculations!$B$2:$B$601=IF($I$4="All",Calculations!$B$2:$B$601,$I$4))*(Calculations!$L$2:$L$601)) -> 116250 | E33: Power Banks | F33: =SUMPRODUCT((Calculations!$D$2:$D$601=IF($C$4="All",Calculations!$D$2:$D$601,$C$4))*(Calculations!$C$2:$C$601="Power Banks")*(Calculations!$B$2:$B$601=IF($I$4="All",Calculations!$B$2:$B$601,$I$4))*(Calculations!$L$2:$L$601)) -> 260400
A34: Sep | B34: =SUMPRODUCT((Calculations!$D$2:$D$601="Sep")*(Calculations!$C$2:$C$601=IF($F$4="All",Calculations!$C$2:$C$601,$F$4))*(Calculations!$B$2:$B$601=IF($I$4="All",Calculations!$B$2:$B$601,$I$4))*(Calculations!$H$2:$H$601)) -> 470 | C34: =SUMPRODUCT((Calculations!$D$2:$D$601="Sep")*(Calculations!$C$2:$C$601=IF($F$4="All",Calculations!$C$2:$C$601,$F$4))*(Calculations!$B$2:$B$601=IF($I$4="All",Calculations!$B$2:$B$601,$I$4))*(Calculations!$L$2:$L$601)) -> 123000 | E34: Screen Protection | F34: =SUMPRODUCT((Calculations!$D$2:$D$601=IF($C$4="All",Calculations!$D$2:$D$601,$C$4))*(Calculations!$C$2:$C$601="Screen Protection")*(Calculations!$B$2:$B$601=IF($I$4="All",Calculations!$B$2:$B$601,$I$4))*(Calculations!$L$2:$L$601)) -> 27130
A35: Oct | B35: =SUMPRODUCT((Calculations!$D$2:$D$601="Oct")*(Calculations!$C$2:$C$601=IF($F$4="All",Calculations!$C$2:$C$601,$F$4))*(Calculations!$B$2:$B$601=IF($I$4="All",Calculations!$B$2:$B$601,$I$4))*(Calculations!$H$2:$H$601)) -> 735 | C35: =SUMPRODUCT((Calculations!$D$2:$D$601="Oct")*(Calculations!$C$2:$C$601=IF($F$4="All",Calculations!$C$2:$C$601,$F$4))*(Calculations!$B$2:$B$601=IF($I$4="All",Calculations!$B$2:$B$601,$I$4))*(Calculations!$L$2:$L$601)) -> 193950 | E35: Storage | F35: =SUMPRODUCT((Calculations!$D$2:$D$601=IF($C$4="All",Calculations!$D$2:$D$601,$C$4))*(Calculations!$C$2:$C$601="Storage")*(Calculations!$B$2:$B$601=IF($I$4="All",Calculations!$B$2:$B$601,$I$4))*(Calculations!$L$2:$L$601)) -> 156650
A36: Nov | B36: =SUMPRODUCT((Calculations!$D$2:$D$601="Nov")*(Calculations!$C$2:$C$601=IF($F$4="All",Calculations!$C$2:$C$601,$F$4))*(Calculations!$B$2:$B$601=IF($I$4="All",Calculations!$B$2:$B$601,$I$4))*(Calculations!$H$2:$H$601)) -> 520 | C36: =SUMPRODUCT((Calculations!$D$2:$D$601="Nov")*(Calculations!$C$2:$C$601=IF($F$4="All",Calculations!$C$2:$C$601,$F$4))*(Calculations!$B$2:$B$601=IF($I$4="All",Calculations!$B$2:$B$601,$I$4))*(Calculations!$L$2:$L$601)) -> 135500 | E36: Wearable Accessories | F36: =SUMPRODUCT((Calculations!$D$2:$D$601=IF($C$4="All",Calculations!$D$2:$D$601,$C$4))*(Calculations!$C$2:$C$601="Wearable Accessories")*(Calculations!$B$2:$B$601=IF($I$4="All",Calculations!$B$2:$B$601,$I$4))*(Calculations!$L$2:$L$601)) -> 23370
A37: Dec | B37: =SUMPRODUCT((Calculations!$D$2:$D$601="Dec")*(Calculations!$C$2:$C$601=IF($F$4="All",Calculations!$C$2:$C$601,$F$4))*(Calculations!$B$2:$B$601=IF($I$4="All",Calculations!$B$2:$B$601,$I$4))*(Calculations!$H$2:$H$601)) -> 439 | C37: =SUMPRODUCT((Calculations!$D$2:$D$601="Dec")*(Calculations!$C$2:$C$601=IF($F$4="All",Calculations!$C$2:$C$601,$F$4))*(Calculations!$B$2:$B$601=IF($I$4="All",Calculations!$B$2:$B$601,$I$4))*(Calculations!$L$2:$L$601)) -> 113550 | E37: Wearables | F37: =SUMPRODUCT((Calculations!$D$2:$D$601=IF($C$4="All",Calculations!$D$2:$D$601,$C$4))*(Calculations!$C$2:$C$601="Wearables")*(Calculations!$B$2:$B$601=IF($I$4="All",Calculations!$B$2:$B$601,$I$4))*(Calculations!$L$2:$L$601)) -> 122400
A56: Layer 5 - Health Check: Avg Sales/Day, Turnover Ratio, ABC Category (filtered)
A57: Avg Sales per Day (Units) | E57: Inventory Turnover Ratio | I57: ABC Class
A58: =IF($I$4="All",IFERROR(SUMPRODUCT(('Product Summary'!$C$2:$C$51=IF($F$4="All",'Product Summary'!$C$2:$C$51,$F$4))*('Product Summary'!$D$2:$D$51))/365,0),INDEX('Product Summary'!$F$2:$F$51,MATCH($I$4,'Product Summary'!$B$2:$B$51,0))) -> 15.920548 | E58: =IF($I$4="All",IFERROR(SUMPRODUCT(('Product Summary'!$C$2:$C$51=IF($F$4="All",'Product Summary'!$C$2:$C$51,$F$4))*('Product Summary'!$E$2:$E$51))/SUMPRODUCT(('Product Summary'!$C$2:$C$51=IF($F$4="All",'Product Summary'!$C$2:$C$51,$F$4))*('Product Summary'!$V$2:$V$51)),0),INDEX('Product Summary'!$W$2:$W$51,MATCH($I$4,'Product Summary'!$B$2:$B$51,0))) -> 3.1815661 | I58: =IF($I$4="All","See % split below",INDEX('Product Summary'!$AA$2:$AA$51,MATCH($I$4,'Product Summary'!$B$2:$B$51,0))) -> See % split below
A60: ABC value split (% of total value in filtered scope) - shown when Product = All
A61: Class A - % of Value | D61: Class B - % of Value | G61: Class C - % of Value
A62: =IFERROR(SUMPRODUCT(('Product Summary'!$C$2:$C$51=IF($F$4="All",'Product Summary'!$C$2:$C$51,$F$4))*('Product Summary'!$AA$2:$AA$51="A")*('Product Summary'!$Y$2:$Y$51))/SUMPRODUCT(('Product Summary'!$C$2:$C$51=IF($F$4="All",'Product Summary'!$C$2:$C$51,$F$4))*('Product Summary'!$Y$2:$Y$51)),0) -> 0 | D62: =IFERROR(SUMPRODUCT(('Product Summary'!$C$2:$C$51=IF($F$4="All",'Product Summary'!$C$2:$C$51,$F$4))*('Product Summary'!$AA$2:$AA$51="B")*('Product Summary'!$Y$2:$Y$51))/SUMPRODUCT(('Product Summary'!$C$2:$C$51=IF($F$4="All",'Product Summary'!$C$2:$C$51,$F$4))*('Product Summary'!$Y$2:$Y$51)),0) -> 1 | G62: =IFERROR(SUMPRODUCT(('Product Summary'!$C$2:$C$51=IF($F$4="All",'Product Summary'!$C$2:$C$51,$F$4))*('Product Summary'!$AA$2:$AA$51="C")*('Product Summary'!$Y$2:$Y$51))/SUMPRODUCT(('Product Summary'!$C$2:$C$51=IF($F$4="All",'Product Summary'!$C$2:$C$51,$F$4))*('Product Summary'!$Y$2:$Y$51)),0) -> 0
A64: Reviewing frequency policy: Class A = Weekly | Class B = Monthly | Class C = Quarterly

Sheet Item Master
A1: Product ID | B1: Product Name | C1: Category | D1: Supplier | E1: Lead Time (Days) | F1: Cost per Unit (Rs) | G1: Ordering Cost per Order (Rs) | H1: Holding Cost per Unit per Year (Rs)
A2: SKU001 | B2: Wireless Earbuds Pro | C2: Audio | D2: Shenzhen Tech Traders | E2: 5 | F2: 1800 | G2: 500 | H2: 360
A3: SKU002 | B3: Bluetooth Speaker Mini | C3: Audio | D3: Metro Electronics Wholesale | E3: 3 | F3: 1200 | G3: 500 | H3: 240
A4: SKU003 | B4: Bluetooth Speaker XL | C4: Audio | D4: Shenzhen Tech Traders | E4: 5 | F4: 2200 | G4: 500 | H4: 440
A5: SKU004 | B5: Wired Earphones Basic | C5: Audio | D5: Coastal Import Export | E5: 14 | F5: 150 | G5: 500 | H5: 30
A6: SKU005 | B6: Noise Cancelling Headphones | C6: Audio | D6: Global Accessories Co. | E6: 7 | F6: 3500 | G6: 500 | H6: 700
A7: SKU006 | B7: USB-C Charging Cable 1m | C7: Cables | D7: Shenzhen Tech Traders | E7: 5 | F7: 90 | G7: 500 | H7: 18
A8: SKU007 | B8: USB-C Charging Cable 2m | C8: Cables | D8: Shenzhen Tech Traders | E8: 5 | F8: 130 | G8: 500 | H8: 26
A9: SKU008 | B9: Lightning Cable 1m | C9: Cables | D9: Metro Electronics Wholesale | E9: 3 | F9: 150 | G9: 500 | H9: 30
A10: SKU009 | B10: Micro USB Cable | C10: Cables | D10: Coastal Import Export | E10: 14 | F10: 60 | G10: 500 | H10: 12
A11: SKU010 | B11: HDMI Cable 2m | C11: Cables | D11: Global Accessories Co. | E11: 7 | F11: 200 | G11: 500 | H11: 40
A12: SKU011 | B12: 20W Fast Charger Adapter | C12: Chargers | D12: Prime Gadget Distributors | E12: 10 | F12: 400 | G12: 500 | H12: 80
A13: SKU012 | B13: 65W GaN Charger | C13: Chargers | D13: Shenzhen Tech Traders | E13: 5 | F13: 1100 | G13: 500 | H13: 220
... A51: SKU050 | B51: Anti-Theft Phone Pouch | C51: Accessories | D51: Global Accessories Co. | E51: 7 | F51: 180 | G51: 500 | H51: 36

Sheet Stock Inflow
A1: Product ID | B1: Product Name | C1: Product Category | D1: Month | E1: Returns from Customer | F1: Purchase | G1: Opening Stock
A2: SKU001 | B2: Wireless Earbuds Pro | C2: Audio | D2: Jan | E2: 2 | F2: 126 | G2: 220
A3: SKU001 | B3: Wireless Earbuds Pro | C3: Audio | D3: Feb | E3: 2 | F3: 165 | G3: 213
A4: SKU001 | B4: Wireless Earbuds Pro | C4: Audio | D4: Mar | E4: 4 | F4: 151 | G4: 235
A5: SKU001 | B5: Wireless Earbuds Pro | C5: Audio | D5: Apr | E5: 4 | F5: 162 | G5: 255
A6: SKU001 | B6: Wireless Earbuds Pro | C6: Audio | D6: May | E6: 2 | F6: 191 | G6: 268
A7: SKU001 | B7: Wireless Earbuds Pro | C7: Audio | D7: Jun | E7: 4 | F7: 131 | G7: 300
A8: SKU001 | B8: Wireless Earbuds Pro | C8: Audio | D8: Jul | E8: 3 | F8: 144 | G8: 302
A9: SKU001 | B9: Wireless Earbuds Pro | C9: Audio | D9: Aug | E9: 2 | F9: 133 | G9: 310
A10: SKU001 | B10: Wireless Earbuds Pro | C10: Audio | D10: Sep | E10: 4 | F10: 127 | G10: 318
A11: SKU001 | B11: Wireless Earbuds Pro | C11: Audio | D11: Oct | E11: 3 | F11: 214 | G11: 321
A12: SKU001 | B12: Wireless Earbuds Pro | C12: Audio | D12: Nov | E12: 6 | F12: 230 | G12: 315
A13: SKU001 | B13: Wireless Earbuds Pro | C13: Audio | D13: Dec | E13: 5 | F13: 149 | G13: 367
... A601: SKU050 | B601: Anti-Theft Phone Pouch | C601: Accessories | D601: Dec | E601: 1 | F601: 20 | G601: 418

Sheet Stock Outflow
A1: Product ID | B1: Product Name | C1: Product Category | D1: Month | E1: Return to Supplier | F1: Sales
A2: SKU001 | B2: Wireless Earbuds Pro | C2: Audio | D2: Jan | E2: 3 | F2: 132
A3: SKU001 | B3: Wireless Earbuds Pro | C3: Audio | D3: Feb | E3: 0 | F3: 145
A4: SKU001 | B4: Wireless Earbuds Pro | C4: Audio | D4: Mar | E4: 3 | F4: 132
A5: SKU001 | B5: Wireless Earbuds Pro | C5: Audio | D5: Apr | E5: 1 | F5: 152
A6: SKU001 | B6: Wireless Earbuds Pro | C6: Audio | D6: May | E6: 2 | F6: 159
A7: SKU001 | B7: Wireless Earbuds Pro | C7: Audio | D7: Jun | E7: 0 | F7: 133
A8: SKU001 | B8: Wireless Earbuds Pro | C8: Audio | D8: Jul | E8: 1 | F8: 138
A9: SKU001 | B9: Wireless Earbuds Pro | C9: Audio | D9: Aug | E9: 4 | F9: 123
A10: SKU001 | B10: Wireless Earbuds Pro | C10: Audio | D10: Sep | E10: 3 | F10: 125
A11: SKU001 | B11: Wireless Earbuds Pro | C11: Audio | D11: Oct | E11: 4 | F11: 219
A12: SKU001 | B12: Wireless Earbuds Pro | C12: Audio | D12: Nov | E12: 6 | F12: 178
A13: SKU001 | B13: Wireless Earbuds Pro | C13: Audio | D13: Dec | E13: 1 | F13: 138
... A601: SKU050 | B601: Anti-Theft Phone Pouch | C601: Accessories | D601: Dec | E601: 1 | F601: 18

Sheet Sales
A1: Month | B1: Product ID | C1: Product Name | D1: Category | E1: Units Sold | F1: Cost per Unit (Rs)
A2: Jan | B2: SKU001 | C2: Wireless Earbuds Pro | D2: Audio | E2: 132 | F2: 1800
A3: Feb | B3: SKU001 | C3: Wireless Earbuds Pro | D3: Audio | E3: 145 | F3: 1800
A4: Mar | B4: SKU001 | C4: Wireless Earbuds Pro | D4: Audio | E4: 132 | F4: 1800
A5: Apr | B5: SKU001 | C5: Wireless Earbuds Pro | D5: Audio | E5: 152 | F5: 1800
A6: May | B6: SKU001 | C6: Wireless Earbuds Pro | D6: Audio | E6: 159 | F6: 1800
A7: Jun | B7: SKU001 | C7: Wireless Earbuds Pro | D7: Audio | E7: 133 | F7: 1800
A8: Jul | B8: SKU001 | C8: Wireless Earbuds Pro | D8: Audio | E8: 138 | F8: 1800
A9: Aug | B9: SKU001 | C9: Wireless Earbuds Pro | D9: Audio | E9: 123 | F9: 1800
A10: Sep | B10: SKU001 | C10: Wireless Earbuds Pro | D10: Audio | E10: 125 | F10: 1800
A11: Oct | B11: SKU001 | C11: Wireless Earbuds Pro | D11: Audio | E11: 219 | F11: 1800
A12: Nov | B12: SKU001 | C12: Wireless Earbuds Pro | D12: Audio | E12: 178 | F12: 1800
A13: Dec | B13: SKU001 | C13: Wireless Earbuds Pro | D13: Audio | E13: 138 | F13: 1800
... A601: Dec | B601: SKU050 | C601: Anti-Theft Phone Pouch | D601: Accessories | E601: 18 | F601: 180

Sheet Calculations
A1: Product ID | B1: Product Name | C1: Category | D1: Month | E1: Opening Stock | F1: Purchase | G1: Customer Returns | H1: Sales | I1: Return to Supplier | J1: Closing Stock | K1: Cost per Unit (Rs) | L1: Monthly Cost (Rs) | M1: Avg Daily Usage (Monthly) | N1: Lead Time (Days) | O1: Safety Stock | P1: Reorder Level | Q1: Days of Stock Remaining | R1: Days Until Reorder | S1: Stock Status
A2: SKU001 | B2: Wireless Earbuds Pro | C2: Audio | D2: Jan | E2: =SUMIFS('Stock Inflow'!$G$2:$G$601,'Stock Inflow'!$A$2:$A$601,$A2,'Stock Inflow'!$D$2:$D$601,$D2) -> 220 | F2: =SUMIFS('Stock Inflow'!$F$2:$F$601,'Stock Inflow'!$A$2:$A$601,$A2,'Stock Inflow'!$D$2:$D$601,$D2) -> 126 | G2: =SUMIFS('Stock Inflow'!$E$2:$E$601,'Stock Inflow'!$A$2:$A$601,$A2,'Stock Inflow'!$D$2:$D$601,$D2) -> 2 | H2: =SUMIFS('Stock Outflow'!$F$2:$F$601,'Stock Outflow'!$A$2:$A$601,$A2,'Stock Outflow'!$D$2:$D$601,$D2) -> 132 | I2: =SUMIFS('Stock Outflow'!$E$2:$E$601,'Stock Outflow'!$A$2:$A$601,$A2,'Stock Outflow'!$D$2:$D$601,$D2) -> 3 | J2: =E2+F2+G2-H2-I2 -> 213 | K2: =INDEX('Item Master'!$F$2:$F$51,MATCH($A2,'Item Master'!$A$2:$A$51,0)) -> 1800 | L2: =H2*K2 -> 237600 | M2: =H2/30 -> 4.4 | N2: =INDEX('Item Master'!$E$2:$E$51,MATCH($A2,'Item Master'!$A$2:$A$51,0)) -> 5 | O2: =INDEX('Product Summary'!$L$2:$L$51,MATCH($A2,'Product Summary'!$A$2:$A$51,0)) -> 11.861111 | P2: =INDEX('Product Summary'!$M$2:$M$51,MATCH($A2,'Product Summary'!$A$2:$A$51,0)) -> 36.162481 | Q2: =IF(M2=0,"",J2/M2) -> 48.409091 | R2: =IF(M2=0,"",IF(J2<=P2,0,(J2-P2)/M2)) -> 40.190345 | S2: =IF(J2<=P2,"REORDER NOW",IF(IFERROR(Q2,0)>150,"OVERSTOCK","HEALTHY")) -> HEALTHY
A3: SKU001 | B3: Wireless Earbuds Pro | C3: Audio | D3: Feb | E3: =SUMIFS('Stock Inflow'!$G$2:$G$601,'Stock Inflow'!$A$2:$A$601,$A3,'Stock Inflow'!$D$2:$D$601,$D3) -> 213 | F3: =SUMIFS('Stock Inflow'!$F$2:$F$601,'Stock Inflow'!$A$2:$A$601,$A3,'Stock Inflow'!$D$2:$D$601,$D3) -> 165 | G3: =SUMIFS('Stock Inflow'!$E$2:$E$601,'Stock Inflow'!$A$2:$A$601,$A3,'Stock Inflow'!$D$2:$D$601,$D3) -> 2 | H3: =SUMIFS('Stock Outflow'!$F$2:$F$601,'Stock Outflow'!$A$2:$A$601,$A3,'Stock Outflow'!$D$2:$D$601,$D3) -> 145 | I3: =SUMIFS('Stock Outflow'!$E$2:$E$601,'Stock Outflow'!$A$2:$A$601,$A3,'Stock Outflow'!$D$2:$D$601,$D3) -> 0 | J3: =E3+F3+G3-H3-I3 -> 235 | K3: =INDEX('Item Master'!$F$2:$F$51,MATCH($A3,'Item Master'!$A$2:$A$51,0)) -> 1800 | L3: =H3*K3 -> 261000 | M3: =H3/30 -> 4.8333333 | N3: =INDEX('Item Master'!$E$2:$E$51,MATCH($A3,'Item Master'!$A$2:$A$51,0)) -> 5 | O3: =INDEX('Product Summary'!$L$2:$L$51,MATCH($A3,'Product Summary'!$A$2:$A$51,0)) -> 11.861111 | P3: =INDEX('Product Summary'!$M$2:$M$51,MATCH($A3,'Product Summary'!$A$2:$A$51,0)) -> 36.162481 | Q3: =IF(M3=0,"",J3/M3) -> 48.62069 | R3: =IF(M3=0,"",IF(J3<=P3,0,(J3-P3)/M3)) -> 41.138797 | S3: =IF(J3<=P3,"REORDER NOW",IF(IFERROR(Q3,0)>150,"OVERSTOCK","HEALTHY")) -> HEALTHY
A4: SKU001 | B4: Wireless Earbuds Pro | C4: Audio | D4: Mar | E4: =SUMIFS('Stock Inflow'!$G$2:$G$601,'Stock Inflow'!$A$2:$A$601,$A4,'Stock Inflow'!$D$2:$D$601,$D4) -> 235 | F4: =SUMIFS('Stock Inflow'!$F$2:$F$601,'Stock Inflow'!$A$2:$A$601,$A4,'Stock Inflow'!$D$2:$D$601,$D4) -> 151 | G4: =SUMIFS('Stock Inflow'!$E$2:$E$601,'Stock Inflow'!$A$2:$A$601,$A4,'Stock Inflow'!$D$2:$D$601,$D4) -> 4 | H4: =SUMIFS('Stock Outflow'!$F$2:$F$601,'Stock Outflow'!$A$2:$A$601,$A4,'Stock Outflow'!$D$2:$D$601,$D4) -> 132 | I4: =SUMIFS('Stock Outflow'!$E$2:$E$601,'Stock Outflow'!$A$2:$A$601,$A4,'Stock Outflow'!$D$2:$D$601,$D4) -> 3 | J4: =E4+F4+G4-H4-I4 -> 255 | K4: =INDEX('Item Master'!$F$2:$F$51,MATCH($A4,'Item Master'!$A$2:$A$51,0)) -> 1800 | L4: =H4*K4 -> 237600 | M4: =H4/30 -> 4.4 | N4: =INDEX('Item Master'!$E$2:$E$51,MATCH($A4,'Item Master'!$A$2:$A$51,0)) -> 5 | O4: =INDEX('Product Summary'!$L$2:$L$51,MATCH($A4,'Product Summary'!$A$2:$A$51,0)) -> 11.861111 | P4: =INDEX('Product Summary'!$M$2:$M$51,MATCH($A4,'Product Summary'!$A$2:$A$51,0)) -> 36.162481 | Q4: =IF(M4=0,"",J4/M4) -> 57.954545 | R4: =IF(M4=0,"",IF(J4<=P4,0,(J4-P4)/M4)) -> 49.7358 | S4: =IF(J4<=P4,"REORDER NOW",IF(IFERROR(Q4,0)>150,"OVERSTOCK","HEALTHY")) -> HEALTHY
A5: SKU001 | B5: Wireless Earbuds Pro | C5: Audio | D5: Apr | E5: =SUMIFS('Stock Inflow'!$G$2:$G$601,'Stock Inflow'!$A$2:$A$601,$A5,'Stock Inflow'!$D$2:$D$601,$D5) -> 255 | F5: =SUMIFS('Stock Inflow'!$F$2:$F$601,'Stock Inflow'!$A$2:$A$601,$A5,'Stock Inflow'!$D$2:$D$601,$D5) -> 162 | G5: =SUMIFS('Stock Inflow'!$E$2:$E$601,'Stock Inflow'!$A$2:$A$601,$A5,'Stock Inflow'!$D$2:$D$601,$D5) -> 4 | H5: =SUMIFS('Stock Outflow'!$F$2:$F$601,'Stock Outflow'!$A$2:$A$601,$A5,'Stock Outflow'!$D$2:$D$601,$D5) -> 152 | I5: =SUMIFS('Stock Outflow'!$E$2:$E$601,'Stock Outflow'!$A$2:$A$601,$A5,'Stock Outflow'!$D$2:$D$601,$D5) -> 1 | J5: =E5+F5+G5-H5-I5 -> 268 | K5: =INDEX('Item Master'!$F$2:$F$51,MATCH($A5,'Item Master'!$A$2:$A$51,0)) -> 1800 | L5: =H5*K5 -> 273600 | M5: =H5/30 -> 5.0666667 | N5: =INDEX('Item Master'!$E$2:$E$51,MATCH($A5,'Item Master'!$A$2:$A$51,0)) -> 5 | O5: =INDEX('Product Summary'!$L$2:$L$51,MATCH($A5,'Product Summary'!$A$2:$A$51,0)) -> 11.861111 | P5: =INDEX('Product Summary'!$M$2:$M$51,MATCH($A5,'Product Summary'!$A$2:$A$51,0)) -> 36.162481 | Q5: =IF(M5=0,"",J5/M5) -> 52.894737 | R5: =IF(M5=0,"",IF(J5<=P5,0,(J5-P5)/M5)) -> 45.757405 | S5: =IF(J5<=P5,"REORDER NOW",IF(IFERROR(Q5,0)>150,"OVERSTOCK","HEALTHY")) -> HEALTHY
A6: SKU001 | B6: Wireless Earbuds Pro | C6: Audio | D6: May | E6: =SUMIFS('Stock Inflow'!$G$2:$G$601,'Stock Inflow'!$A$2:$A$601,$A6,'Stock Inflow'!$D$2:$D$601,$D6) -> 268 | F6: =SUMIFS('Stock Inflow'!$F$2:$F$601,'Stock Inflow'!$A$2:$A$601,$A6,'Stock Inflow'!$D$2:$D$601,$D6) -> 191 | G6: =SUMIFS('Stock Inflow'!$E$2:$E$601,'Stock Inflow'!$A$2:$A$601,$A6,'Stock Inflow'!$D$2:$D$601,$D6) -> 2 | H6: =SUMIFS('Stock Outflow'!$F$2:$F$601,'Stock Outflow'!$A$2:$A$601,$A6,'Stock Outflow'!$D$2:$D$601,$D6) -> 159 | I6: =SUMIFS('Stock Outflow'!$E$2:$E$601,'Stock Outflow'!$A$2:$A$601,$A6,'Stock Outflow'!$D$2:$D$601,$D6) -> 2 | J6: =E6+F6+G6-H6-I6 -> 300 | K6: =INDEX('Item Master'!$F$2:$F$51,MATCH($A6,'Item Master'!$A$2:$A$51,0)) -> 1800 | L6: =H6*K6 -> 286200 | M6: =H6/30 -> 5.3 | N6: =INDEX('Item Master'!$E$2:$E$51,MATCH($A6,'Item Master'!$A$2:$A$51,0)) -> 5 | O6: =INDEX('Product Summary'!$L$2:$L$51,MATCH($A6,'Product Summary'!$A$2:$A$51,0)) -> 11.861111 | P6: =INDEX('Product Summary'!$M$2:$M$51,MATCH($A6,'Product Summary'!$A$2:$A$51,0)) -> 36.162481 | Q6: =IF(M6=0,"",J6/M6) -> 56.603774 | R6: =IF(M6=0,"",IF(J6<=P6,0,(J6-P6)/M6)) -> 49.780664 | S6: =IF(J6<=P6,"REORDER NOW",IF(IFERROR(Q6,0)>150,"OVERSTOCK","HEALTHY")) -> HEALTHY
A7: SKU001 | B7: Wireless Earbuds Pro | C7: Audio | D7: Jun | E7: =SUMIFS('Stock Inflow'!$G$2:$G$601,'Stock Inflow'!$A$2:$A$601,$A7,'Stock Inflow'!$D$2:$D$601,$D7) -> 300 | F7: =SUMIFS('Stock Inflow'!$F$2:$F$601,'Stock Inflow'!$A$2:$A$601,$A7,'Stock Inflow'!$D$2:$D$601,$D7) -> 131 | G7: =SUMIFS('Stock Inflow'!$E$2:$E$601,'Stock Inflow'!$A$2:$A$601,$A7,'Stock Inflow'!$D$2:$D$601,$D7) -> 4 | H7: =SUMIFS('Stock Outflow'!$F$2:$F$601,'Stock Outflow'!$A$2:$A$601,$A7,'Stock Outflow'!$D$2:$D$601,$D7) -> 133 | I7: =SUMIFS('Stock Outflow'!$E$2:$E$601,'Stock Outflow'!$A$2:$A$601,$A7,'Stock Outflow'!$D$2:$D$601,$D7) -> 0 | J7: =E7+F7+G7-H7-I7 -> 302 | K7: =INDEX('Item Master'!$F$2:$F$51,MATCH($A7,'Item Master'!$A$2:$A$51,0)) -> 1800 | L7: =H7*K7 -> 239400 | M7: =H7/30 -> 4.4333333 | N7: =INDEX('Item Master'!$E$2:$E$51,MATCH($A7,'Item Master'!$A$2:$A$51,0)) -> 5 | O7: =INDEX('Product Summary'!$L$2:$L$51,MATCH($A7,'Product Summary'!$A$2:$A$51,0)) -> 11.861111 | P7: =INDEX('Product Summary'!$M$2:$M$51,MATCH($A7,'Product Summary'!$A$2:$A$51,0)) -> 36.162481 | Q7: =IF(M7=0,"",J7/M7) -> 68.120301 | R7: =IF(M7=0,"",IF(J7<=P7,0,(J7-P7)/M7)) -> 59.96335 | S7: =IF(J7<=P7,"REORDER NOW",IF(IFERROR(Q7,0)>150,"OVERSTOCK","HEALTHY")) -> HEALTHY
A8: SKU001 | B8: Wireless Earbuds Pro | C8: Audio | D8: Jul | E8: =SUMIFS('Stock Inflow'!$G$2:$G$601,'Stock Inflow'!$A$2:$A$601,$A8,'Stock Inflow'!$D$2:$D$601,$D8) -> 302 | F8: =SUMIFS('Stock Inflow'!$F$2:$F$601,'Stock Inflow'!$A$2:$A$601,$A8,'Stock Inflow'!$D$2:$D$601,$D8) -> 144 | G8: =SUMIFS('Stock Inflow'!$E$2:$E$601,'Stock Inflow'!$A$2:$A$601,$A8,'Stock Inflow'!$D$2:$D$601,$D8) -> 3 | H8: =SUMIFS('Stock Outflow'!$F$2:$F$601,'Stock Outflow'!$A$2:$A$601,$A8,'Stock Outflow'!$D$2:$D$601,$D8) -> 138 | I8: =SUMIFS('Stock Outflow'!$E$2:$E$601,'Stock Outflow'!$A$2:$A$601,$A8,'Stock Outflow'!$D$2:$D$601,$D8) -> 1 | J8: =E8+F8+G8-H8-I8 -> 310 | K8: =INDEX('Item Master'!$F$2:$F$51,MATCH($A8,'Item Master'!$A$2:$A$51,0)) -> 1800 | L8: =H8*K8 -> 248400 | M8: =H8/30 -> 4.6 | N8: =INDEX('Item Master'!$E$2:$E$51,MATCH($A8,'Item Master'!$A$2:$A$51,0)) -> 5 | O8: =INDEX('Product Summary'!$L$2:$L$51,MATCH($A8,'Product Summary'!$A$2:$A$51,0)) -> 11.861111 | P8: =INDEX('Product Summary'!$M$2:$M$51,MATCH($A8,'Product Summary'!$A$2:$A$51,0)) -> 36.162481 | Q8: =IF(M8=0,"",J8/M8) -> 67.391304 | R8: =IF(M8=0,"",IF(J8<=P8,0,(J8-P8)/M8)) -> 59.529895 | S8: =IF(J8<=P8,"REORDER NOW",IF(IFERROR(Q8,0)>150,"OVERSTOCK","HEALTHY")) -> HEALTHY
A9: SKU001 | B9: Wireless Earbuds Pro | C9: Audio | D9: Aug | E9: =SUMIFS('Stock Inflow'!$G$2:$G$601,'Stock Inflow'!$A$2:$A$601,$A9,'Stock Inflow'!$D$2:$D$601,$D9) -> 310 | F9: =SUMIFS('Stock Inflow'!$F$2:$F$601,'Stock Inflow'!$A$2:$A$601,$A9,'Stock Inflow'!$D$2:$D$601,$D9) -> 133 | G9: =SUMIFS('Stock Inflow'!$E$2:$E$601,'Stock Inflow'!$A$2:$A$601,$A9,'Stock Inflow'!$D$2:$D$601,$D9) -> 2 | H9: =SUMIFS('Stock Outflow'!$F$2:$F$601,'Stock Outflow'!$A$2:$A$601,$A9,'Stock Outflow'!$D$2:$D$601,$D9) -> 123 | I9: =SUMIFS('Stock Outflow'!$E$2:$E$601,'Stock Outflow'!$A$2:$A$601,$A9,'Stock Outflow'!$D$2:$D$601,$D9) -> 4 | J9: =E9+F9+G9-H9-I9 -> 318 | K9: =INDEX('Item Master'!$F$2:$F$51,MATCH($A9,'Item Master'!$A$2:$A$51,0)) -> 1800 | L9: =H9*K9 -> 221400 | M9: =H9/30 -> 4.1 | N9: =INDEX('Item Master'!$E$2:$E$51,MATCH($A9,'Item Master'!$A$2:$A$51,0)) -> 5 | O9: =INDEX('Product Summary'!$L$2:$L$51,MATCH($A9,'Product Summary'!$A$2:$A$51,0)) -> 11.861111 | P9: =INDEX('Product Summary'!$M$2:$M$51,MATCH($A9,'Product Summary'!$A$2:$A$51,0)) -> 36.162481 | Q9: =IF(M9=0,"",J9/M9) -> 77.560976 | R9: =IF(M9=0,"",IF(J9<=P9,0,(J9-P9)/M9)) -> 68.740858 | S9: =IF(J9<=P9,"REORDER NOW",IF(IFERROR(Q9,0)>150,"OVERSTOCK","HEALTHY")) -> HEALTHY
A10: SKU001 | B10: Wireless Earbuds Pro | C10: Audio | D10: Sep | E10: =SUMIFS('Stock Inflow'!$G$2:$G$601,'Stock Inflow'!$A$2:$A$601,$A10,'Stock Inflow'!$D$2:$D$601,$D10) -> 318 | F10: =SUMIFS('Stock Inflow'!$F$2:$F$601,'Stock Inflow'!$A$2:$A$601,$A10,'Stock Inflow'!$D$2:$D$601,$D10) -> 127 | G10: =SUMIFS('Stock Inflow'!$E$2:$E$601,'Stock Inflow'!$A$2:$A$601,$A10,'Stock Inflow'!$D$2:$D$601,$D10) -> 4 | H10: =SUMIFS('Stock Outflow'!$F$2:$F$601,'Stock Outflow'!$A$2:$A$601,$A10,'Stock Outflow'!$D$2:$D$601,$D10) -> 125 | I10: =SUMIFS('Stock Outflow'!$E$2:$E$601,'Stock Outflow'!$A$2:$A$601,$A10,'Stock Outflow'!$D$2:$D$601,$D10) -> 3 | J10: =E10+F10+G10-H10-I10 -> 321 | K10: =INDEX('Item Master'!$F$2:$F$51,MATCH($A10,'Item Master'!$A$2:$A$51,0)) -> 1800 | L10: =H10*K10 -> 225000 | M10: =H10/30 -> 4.1666667 | N10: =INDEX('Item Master'!$E$2:$E$51,MATCH($A10,'Item Master'!$A$2:$A$51,0)) -> 5 | O10: =INDEX('Product Summary'!$L$2:$L$51,MATCH($A10,'Product Summary'!$A$2:$A$51,0)) -> 11.861111 | P10: =INDEX('Product Summary'!$M$2:$M$51,MATCH($A10,'Product Summary'!$A$2:$A$51,0)) -> 36.162481 | Q10: =IF(M10=0,"",J10/M10) -> 77.04 | R10: =IF(M10=0,"",IF(J10<=P10,0,(J10-P10)/M10)) -> 68.361005 | S10: =IF(J10<=P10,"REORDER NOW",IF(IFERROR(Q10,0)>150,"OVERSTOCK","HEALTHY")) -> HEALTHY
A11: SKU001 | B11: Wireless Earbuds Pro | C11: Audio | D11: Oct | E11: =SUMIFS('Stock Inflow'!$G$2:$G$601,'Stock Inflow'!$A$2:$A$601,$A11,'Stock Inflow'!$D$2:$D$601,$D11) -> 321 | F11: =SUMIFS('Stock Inflow'!$F$2:$F$601,'Stock Inflow'!$A$2:$A$601,$A11,'Stock Inflow'!$D$2:$D$601,$D11) -> 214 | G11: =SUMIFS('Stock Inflow'!$E$2:$E$601,'Stock Inflow'!$A$2:$A$601,$A11,'Stock Inflow'!$D$2:$D$601,$D11) -> 3 | H11: =SUMIFS('Stock Outflow'!$F$2:$F$601,'Stock Outflow'!$A$2:$A$601,$A11,'Stock Outflow'!$D$2:$D$601,$D11) -> 219 | I11: =SUMIFS('Stock Outflow'!$E$2:$E$601,'Stock Outflow'!$A$2:$A$601,$A11,'Stock Outflow'!$D$2:$D$601,$D11) -> 4 | J11: =E11+F11+G11-H11-I11 -> 315 | K11: =INDEX('Item Master'!$F$2:$F$51,MATCH($A11,'Item Master'!$A$2:$A$51,0)) -> 1800 | L11: =H11*K11 -> 394200 | M11: =H11/30 -> 7.3 | N11: =INDEX('Item Master'!$E$2:$E$51,MATCH($A11,'Item Master'!$A$2:$A$51,0)) -> 5 | O11: =INDEX('Product Summary'!$L$2:$L$51,MATCH($A11,'Product Summary'!$A$2:$A$51,0)) -> 11.861111 | P11: =INDEX('Product Summary'!$M$2:$M$51,MATCH($A11,'Product Summary'!$A$2:$A$51,0)) -> 36.162481 | Q11: =IF(M11=0,"",J11/M11) -> 43.150685 | R11: =IF(M11=0,"",IF(J11<=P11,0,(J11-P11)/M11)) -> 38.19692 | S11: =IF(J11<=P11,"REORDER NOW",IF(IFERROR(Q11,0)>150,"OVERSTOCK","HEALTHY")) -> HEALTHY
A12: SKU001 | B12: Wireless Earbuds Pro | C12: Audio | D12: Nov | E12: =SUMIFS('Stock Inflow'!$G$2:$G$601,'Stock Inflow'!$A$2:$A$601,$A12,'Stock Inflow'!$D$2:$D$601,$D12) -> 315 | F12: =SUMIFS('Stock Inflow'!$F$2:$F$601,'Stock Inflow'!$A$2:$A$601,$A12,'Stock Inflow'!$D$2:$D$601,$D12) -> 230 | G12: =SUMIFS('Stock Inflow'!$E$2:$E$601,'Stock Inflow'!$A$2:$A$601,$A12,'Stock Inflow'!$D$2:$D$601,$D12) -> 6 | H12: =SUMIFS('Stock Outflow'!$F$2:$F$601,'Stock Outflow'!$A$2:$A$601,$A12,'Stock Outflow'!$D$2:$D$601,$D12) -> 178 | I12: =SUMIFS('Stock Outflow'!$E$2:$E$601,'Stock Outflow'!$A$2:$A$601,$A12,'Stock Outflow'!$D$2:$D$601,$D12) -> 6 | J12: =E12+F12+G12-H12-I12 -> 367 | K12: =INDEX('Item Master'!$F$2:$F$51,MATCH($A12,'Item Master'!$A$2:$A$51,0)) -> 1800 | L12: =H12*K12 -> 320400 | M12: =H12/30 -> 5.9333333 | N12: =INDEX('Item Master'!$E$2:$E$51,MATCH($A12,'Item Master'!$A$2:$A$51,0)) -> 5 | O12: =INDEX('Product Summary'!$L$2:$L$51,MATCH($A12,'Product Summary'!$A$2:$A$51,0)) -> 11.861111 | P12: =INDEX('Product Summary'!$M$2:$M$51,MATCH($A12,'Product Summary'!$A$2:$A$51,0)) -> 36.162481 | Q12: =IF(M12=0,"",J12/M12) -> 61.853933 | R12: =IF(M12=0,"",IF(J12<=P12,0,(J12-P12)/M12)) -> 55.759132 | S12: =IF(J12<=P12,"REORDER NOW",IF(IFERROR(Q12,0)>150,"OVERSTOCK","HEALTHY")) -> HEALTHY
A13: SKU001 | B13: Wireless Earbuds Pro | C13: Audio | D13: Dec | E13: =SUMIFS('Stock Inflow'!$G$2:$G$601,'Stock Inflow'!$A$2:$A$601,$A13,'Stock Inflow'!$D$2:$D$601,$D13) -> 367 | F13: =SUMIFS('Stock Inflow'!$F$2:$F$601,'Stock Inflow'!$A$2:$A$601,$A13,'Stock Inflow'!$D$2:$D$601,$D13) -> 149 | G13: =SUMIFS('Stock Inflow'!$E$2:$E$601,'Stock Inflow'!$A$2:$A$601,$A13,'Stock Inflow'!$D$2:$D$601,$D13) -> 5 | H13: =SUMIFS('Stock Outflow'!$F$2:$F$601,'Stock Outflow'!$A$2:$A$601,$A13,'Stock Outflow'!$D$2:$D$601,$D13) -> 138 | I13: =SUMIFS('Stock Outflow'!$E$2:$E$601,'Stock Outflow'!$A$2:$A$601,$A13,'Stock Outflow'!$D$2:$D$601,$D13) -> 1 | J13: =E13+F13+G13-H13-I13 -> 382 | K13: =INDEX('Item Master'!$F$2:$F$51,MATCH($A13,'Item Master'!$A$2:$A$51,0)) -> 1800 | L13: =H13*K13 -> 248400 | M13: =H13/30 -> 4.6 | N13: =INDEX('Item Master'!$E$2:$E$51,MATCH($A13,'Item Master'!$A$2:$A$51,0)) -> 5 | O13: =INDEX('Product Summary'!$L$2:$L$51,MATCH($A13,'Product Summary'!$A$2:$A$51,0)) -> 11.861111 | P13: =INDEX('Product Summary'!$M$2:$M$51,MATCH($A13,'Product Summary'!$A$2:$A$51,0)) -> 36.162481 | Q13: =IF(M13=0,"",J13/M13) -> 83.043478 | R13: =IF(M13=0,"",IF(J13<=P13,0,(J13-P13)/M13)) -> 75.182069 | S13: =IF(J13<=P13,"REORDER NOW",IF(IFERROR(Q13,0)>150,"OVERSTOCK","HEALTHY")) -> HEALTHY
... A601: SKU050 | B601: Anti-Theft Phone Pouch | C601: Accessories | D601: Dec | E601: =SUMIFS('Stock Inflow'!$G$2:$G$601,'Stock Inflow'!$A$2:$A$601,$A601,'Stock Inflow'!$D$2:$D$601,$D601) -> 418 | F601: =SUMIFS('Stock Inflow'!$F$2:$F$601,'Stock Inflow'!$A$2:$A$601,$A601,'Stock Inflow'!$D$2:$D$601,$D601) -> 20 | G601: =SUMIFS('Stock Inflow'!$E$2:$E$601,'Stock Inflow'!$A$2:$A$601,$A601,'Stock Inflow'!$D$2:$D$601,$D601) -> 1 | H601: =SUMIFS('Stock Outflow'!$F$2:$F$601,'Stock Outflow'!$A$2:$A$601,$A601,'Stock Outflow'!$D$2:$D$601,$D601) -> 18 | I601: =SUMIFS('Stock Outflow'!$E$2:$E$601,'Stock Outflow'!$A$2:$A$601,$A601,'Stock Outflow'!$D$2:$D$601,$D601) -> 1 | J601: =E601+F601+G601-H601-I601 -> 420 | K601: =INDEX('Item Master'!$F$2:$F$51,MATCH($A601,'Item Master'!$A$2:$A$51,0)) -> 180 | L601: =H601*K601 -> 3240 | M601: =H601/30 -> 0.6 | N601: =INDEX('Item Master'!$E$2:$E$51,MATCH($A601,'Item Master'!$A$2:$A$51,0)) -> 7 | O601: =INDEX('Product Summary'!$L$2:$L$51,MATCH($A601,'Product Summary'!$A$2:$A$51,0)) -> 1.3416667 | P601: =INDEX('Product Summary'!$M$2:$M$51,MATCH($A601,'Product Summary'!$A$2:$A$51,0)) -> 5.7718037 | Q601: =IF(M601=0,"",J601/M601) -> 700 | R601: =IF(M601=0,"",IF(J601<=P601,0,(J601-P601)/M601)) -> 690.38033 | S601: =IF(J601<=P601,"REORDER NOW",IF(IFERROR(Q601,0)>150,"OVERSTOCK","HEALTHY")) -> OVERSTOCK

Sheet Product Summary
A1: Product ID | B1: Product Name | C1: Category | D1: Total Sales (Units) | E1: Total Cost (Rs) | F1: Avg Daily Usage (Annual) | G1: Max Monthly Sales | H1: Avg Monthly Sales | I1: StDev Monthly Sales | J1: CV (%) | K1: Lead Time (Days) | L1: Safety Stock | M1: Reorder Level | N1: Ordering Cost (Rs) | O1: Holding Cost per Unit (Rs) | P1: EOQ (Units) | Q1: Order Cycle Time (Days) | R1: Orders per Year | S1: Opening Stock (Jan) | T1: Closing Stock (Dec) | U1: Average Inventory (Units) | V1: Average Inventory Value (Rs) | W1: Turnover Ratio | X1: Days Inventory on Hand | Y1: ABC Value (Rs) | Z1: Cumulative % of Value | AA1: ABC Class | AB1: Reviewing Frequency | AC1: Current Stock (Latest) | AD1: Current Status
A2: SKU001 | B2: Wireless Earbuds Pro | C2: Audio | D2: =SUM(Sales!$E$2:$E$13) -> 1774 | E2: =D2*INDEX('Item Master'!$F$2:$F$51,MATCH($A2,'Item Master'!$A$2:$A$51,0)) -> 3193200 | F2: =D2/365 -> 4.860274 | G2: =MAX(Sales!$E$2:$E$13) -> 219 | H2: =AVERAGE(Sales!$E$2:$E$13) -> 147.83333 | I2: =STDEV(Sales!$E$2:$E$13) -> 27.265807 | J2: =IFERROR(I2/H2,0) -> 0.18443613 | K2: =INDEX('Item Master'!$E$2:$E$51,MATCH($A2,'Item Master'!$A$2:$A$51,0)) -> 5 | L2: =((G2-H2)/30)*K2 -> 11.861111 | M2: =(F2*K2)+L2 -> 36.162481 | N2: =INDEX('Item Master'!$G$2:$G$51,MATCH($A2,'Item Master'!$A$2:$A$51,0)) -> 500 | O2: =INDEX('Item Master'!$H$2:$H$51,MATCH($A2,'Item Master'!$A$2:$A$51,0)) -> 360 | P2: =IFERROR(SQRT((2*D2*N2)/O2),0) -> 70.198132 | Q2: =IFERROR(P2/F2,0) -> 14.443246 | R2: =IFERROR(D2/P2,0) -> 25.271328 | S2: =Calculations!$E$2 -> 220 | T2: =Calculations!$J$13 -> 382 | U2: =(S2+T2)/2 -> 301 | V2: =U2*INDEX('Item Master'!$F$2:$F$51,MATCH($A2,'Item Master'!$A$2:$A$51,0)) -> 541800 | W2: =IFERROR(E2/V2,0) -> 5.8936877 | X2: =IFERROR(365/W2,0) -> 61.930665 | Y2: =E2 -> 3193200 | Z2: =SUMIF($Y$2:$Y$51,">="&Y2,$Y$2:$Y$51)/SUM($Y$2:$Y$51) -> 0.47371331 | AA2: =IF(Z2<=0.8,"A",IF(Z2<=0.95,"B","C")) -> A | AB2: =IF(AA2="A","Weekly",IF(AA2="B","Monthly","Quarterly")) -> Weekly | AC2: =T2 -> 382 | AD2: =IF(AC2<=M2,"REORDER NOW",IF(IFERROR(AC2/F2,0)>150,"OVERSTOCK","HEALTHY")) -> HEALTHY
A3: SKU002 | B3: Bluetooth Speaker Mini | C3: Audio | D3: =SUM(Sales!$E$14:$E$25) -> 2199 | E3: =D3*INDEX('Item Master'!$F$2:$F$51,MATCH($A3,'Item Master'!$A$2:$A$51,0)) -> 2638800 | F3: =D3/365 -> 6.0246575 | G3: =MAX(Sales!$E$14:$E$25) -> 286 | H3: =AVERAGE(Sales!$E$14:$E$25) -> 183.25 | I3: =STDEV(Sales!$E$14:$E$25) -> 34.404347 | J3: =IFERROR(I3/H3,0) -> 0.18774541 | K3: =INDEX('Item Master'!$E$2:$E$51,MATCH($A3,'Item Master'!$A$2:$A$51,0)) -> 3 | L3: =((G3-H3)/30)*K3 -> 10.275 | M3: =(F3*K3)+L3 -> 28.348973 | N3: =INDEX('Item Master'!$G$2:$G$51,MATCH($A3,'Item Master'!$A$2:$A$51,0)) -> 500 | O3: =INDEX('Item Master'!$H$2:$H$51,MATCH($A3,'Item Master'!$A$2:$A$51,0)) -> 240 | P3: =IFERROR(SQRT((2*D3*N3)/O3),0) -> 95.720949 | Q3: =IFERROR(P3/F3,0) -> 15.888197 | R3: =IFERROR(D3/P3,0) -> 22.973028 | S3: =Calculations!$E$14 -> 216 | T3: =Calculations!$J$25 -> 427 | U3: =(S3+T3)/2 -> 321.5 | V3: =U3*INDEX('Item Master'!$F$2:$F$51,MATCH($A3,'Item Master'!$A$2:$A$51,0)) -> 385800 | W3: =IFERROR(E3/V3,0) -> 6.8398134 | X3: =IFERROR(365/W3,0) -> 53.364029 | Y3: =E3 -> 2638800 | Z3: =SUMIF($Y$2:$Y$51,">="&Y3,$Y$2:$Y$51)/SUM($Y$2:$Y$51) -> 0.54933686 | AA3: =IF(Z3<=0.8,"A",IF(Z3<=0.95,"B","C")) -> A | AB3: =IF(AA3="A","Weekly",IF(AA3="B","Monthly","Quarterly")) -> Weekly | AC3: =T3 -> 427 | AD3: =IF(AC3<=M3,"REORDER NOW",IF(IFERROR(AC3/F3,0)>150,"OVERSTOCK","HEALTHY")) -> HEALTHY
A4: SKU003 | B4: Bluetooth Speaker XL | C4: Audio | D4: =SUM(Sales!$E$26:$E$37) -> 2815 | E4: =D4*INDEX('Item Master'!$F$2:$F$51,MATCH($A4,'Item Master'!$A$2:$A$51,0)) -> 6193000 | F4: =D4/365 -> 7.7123288 | G4: =MAX(Sales!$E$26:$E$37) -> 377 | H4: =AVERAGE(Sales!$E$26:$E$37) -> 234.58333 | I4: =STDEV(Sales!$E$26:$E$37) -> 51.092533 | J4: =IFERROR(I4/H4,0) -> 0.21780121 | K4: =INDEX('Item Master'!$E$2:$E$51,MATCH($A4,'Item Master'!$A$2:$A$51,0)) -> 5 | L4: =((G4-H4)/30)*K4 -> 23.736111 | M4: =(F4*K4)+L4 -> 62.297755 | N4: =INDEX('Item Master'!$G$2:$G$51,MATCH($A4,'Item Master'!$A$2:$A$51,0)) -> 500 | O4: =INDEX('Item Master'!$H$2:$H$51,MATCH($A4,'Item Master'!$A$2:$A$51,0)) -> 440 | P4: =IFERROR(SQRT((2*D4*N4)/O4),0) -> 79.985794 | Q4: =IFERROR(P4/F4,0) -> 10.37116 | R4: =IFERROR(D4/P4,0) -> 35.193749 | S4: =Calculations!$E$26 -> 216 | T4: =Calculations!$J$37 -> 529 | U4: =(S4+T4)/2 -> 372.5 | V4: =U4*INDEX('Item Master'!$F$2:$F$51,MATCH($A4,'Item Master'!$A$2:$A$51,0)) -> 819500 | W4: =IFERROR(E4/V4,0) -> 7.557047 | X4: =IFERROR(365/W4,0) -> 48.29929 | Y4: =E4 -> 6193000 | Z4: =SUMIF($Y$2:$Y$51,">="&Y4,$Y$2:$Y$51)/SUM($Y$2:$Y$51) -> 0.38220158 | AA4: =IF(Z4<=0.8,"A",IF(Z4<=0.95,"B","C")) -> A | AB4: =IF(AA4="A","Weekly",IF(AA4="B","Monthly","Quarterly")) -> Weekly | AC4: =T4 -> 529 | AD4: =IF(AC4<=M4,"REORDER NOW",IF(IFERROR(AC4/F4,0)>150,"OVERSTOCK","HEALTHY")) -> HEALTHY
A5: SKU004 | B5: Wired Earphones Basic | C5: Audio | D5: =SUM(Sales!$E$38:$E$49) -> 2454 | E5: =D5*INDEX('Item Master'!$F$2:$F$51,MATCH($A5,'Item Master'!$A$2:$A$51,0)) -> 368100 | F5: =D5/365 -> 6.7232877 | G5: =MAX(Sales!$E$38:$E$49) -> 285 | H5: =AVERAGE(Sales!$E$38:$E$49) -> 204.5 | I5: =STDEV(Sales!$E$38:$E$49) -> 32.831526 | J5: =IFERROR(I5/H5,0) -> 0.16054536 | K5: =INDEX('Item Master'!$E$2:$E$51,MATCH($A5,'Item Master'!$A$2:$A$51,0)) -> 14 | L5: =((G5-H5)/30)*K5 -> 37.566667 | M5: =(F5*K5)+L5 -> 131.69269 | N5: =INDEX('Item Master'!$G$2:$G$51,MATCH($A5,'Item Master'!$A$2:$A$51,0)) -> 500 | O5: =INDEX('Item Master'!$H$2:$H$51,MATCH($A5,'Item Master'!$A$2:$A$51,0)) -> 30 | P5: =IFERROR(SQRT((2*D5*N5)/O5),0) -> 286.00699 | Q5: =IFERROR(P5/F5,0) -> 42.539752 | R5: =IFERROR(D5/P5,0) -> 8.5802098 | S5: =Calculations!$E$38 -> 141 | T5: =Calculations!$J$49 -> 237 | U5: =(S5+T5)/2 -> 189 | V5: =U5*INDEX('Item Master'!$F$2:$F$51,MATCH($A5,'Item Master'!$A$2:$A$51,0)) -> 28350 | W5: =IFERROR(E5/V5,0) -> 12.984127 | X5: =IFERROR(365/W5,0) -> 28.111247 | Y5: =E5 -> 368100 | Z5: =SUMIF($Y$2:$Y$51,">="&Y5,$Y$2:$Y$51)/SUM($Y$2:$Y$51) -> 0.82333899 | AA5: =IF(Z5<=0.8,"A",IF(Z5<=0.95,"B","C")) -> B | AB5: =IF(AA5="A","Weekly",IF(AA5="B","Monthly","Quarterly")) -> Monthly | AC5: =T5 -> 237 | AD5: =IF(AC5<=M5,"REORDER NOW",IF(IFERROR(AC5/F5,0)>150,"OVERSTOCK","HEALTHY")) -> HEALTHY
A6: SKU005 | B6: Noise Cancelling Headphones | C6: Audio | D6: =SUM(Sales!$E$50:$E$61) -> 2041 | E6: =D6*INDEX('Item Master'!$F$2:$F$51,MATCH($A6,'Item Master'!$A$2:$A$51,0)) -> 7143500 | F6: =D6/365 -> 5.5917808 | G6: =MAX(Sales!$E$50:$E$61) -> 251 | H6: =AVERAGE(Sales!$E$50:$E$61) -> 170.08333 | I6: =STDEV(Sales!$E$50:$E$61) -> 28.497076 | J6: =IFERROR(I6/H6,0) -> 0.16754773 | K6: =INDEX('Item Master'!$E$2:$E$51,MATCH($A6,'Item Master'!$A$2:$A$51,0)) -> 7 | L6: =((G6-H6)/30)*K6 -> 18.880556 | M6: =(F6*K6)+L6 -> 58.023021 | N6: =INDEX('Item Master'!$G$2:$G$51,MATCH($A6,'Item Master'!$A$2:$A$51,0)) -> 500 | O6: =INDEX('Item Master'!$H$2:$H$51,MATCH($A6,'Item Master'!$A$2:$A$51,0)) -> 700 | P6: =IFERROR(SQRT((2*D6*N6)/O6),0) -> 53.997354 | Q6: =IFERROR(P6/F6,0) -> 9.6565578 | R6: =IFERROR(D6/P6,0) -> 37.798148 | S6: =Calculations!$E$50 -> 288 | T6: =Calculations!$J$61 -> 561 | U6: =(S6+T6)/2 -> 424.5 | V6: =U6*INDEX('Item Master'!$F$2:$F$51,MATCH($A6,'Item Master'!$A$2:$A$51,0)) -> 1485750 | W6: =IFERROR(E6/V6,0) -> 4.8080094 | X6: =IFERROR(365/W6,0) -> 75.914993 | Y6: =E6 -> 7143500 | Z6: =SUMIF($Y$2:$Y$51,">="&Y6,$Y$2:$Y$51)/SUM($Y$2:$Y$51) -> 0.20472065 | AA6: =IF(Z6<=0.8,"A",IF(Z6<=0.95,"B","C")) -> A | AB6: =IF(AA6="A","Weekly",IF(AA6="B","Monthly","Quarterly")) -> Weekly | AC6: =T6 -> 561 | AD6: =IF(AC6<=M6,"REORDER NOW",IF(IFERROR(AC6/F6,0)>150,"OVERSTOCK","HEALTHY")) -> HEALTHY
A7: SKU006 | B7: USB-C Charging Cable 1m | C7: Cables | D7: =SUM(Sales!$E$62:$E$73) -> 1754 | E7: =D7*INDEX('Item Master'!$F$2:$F$51,MATCH($A7,'Item Master'!$A$2:$A$51,0)) -> 157860 | F7: =D7/365 -> 4.8054795 | G7: =MAX(Sales!$E$62:$E$73) -> 195 | H7: =AVERAGE(Sales!$E$62:$E$73) -> 146.16667 | I7: =STDEV(Sales!$E$62:$E$73) -> 18.99681 | J7: =IFERROR(I7/H7,0) -> 0.12996677 | K7: =INDEX('Item Master'!$E$2:$E$51,MATCH($A7,'Item Master'!$A$2:$A$51,0)) -> 5 | L7: =((G7-H7)/30)*K7 -> 8.1388889 | M7: =(F7*K7)+L7 -> 32.166286 | N7: =INDEX('Item Master'!$G$2:$G$51,MATCH($A7,'Item Master'!$A$2:$A$51,0)) -> 500 | O7: =INDEX('Item Master'!$H$2:$H$51,MATCH($A7,'Item Master'!$A$2:$A$51,0)) -> 18 | P7: =IFERROR(SQRT((2*D7*N7)/O7),0) -> 312.16093 | Q7: =IFERROR(P7/F7,0) -> 64.959372 | R7: =IFERROR(D7/P7,0) -> 5.6188967 | S7: =Calculations!$E$62 -> 314 | T7: =Calculations!$J$73 -> 482 | U7: =(S7+T7)/2 -> 398 | V7: =U7*INDEX('Item Master'!$F$2:$F$51,MATCH($A7,'Item Master'!$A$2:$A$51,0)) -> 35820 | W7: =IFERROR(E7/V7,0) -> 4.4070352 | X7: =IFERROR(365/W7,0) -> 82.822121 | Y7: =E7 -> 157860 | Z7: =SUMIF($Y$2:$Y$51,">="&Y7,$Y$2:$Y$51)/SUM($Y$2:$Y$51) -> 0.95688128 | AA7: =IF(Z7<=0.8,"A",IF(Z7<=0.95,"B","C")) -> C | AB7: =IF(AA7="A","Weekly",IF(AA7="B","Monthly","Quarterly")) -> Quarterly | AC7: =T7 -> 482 | AD7: =IF(AC7<=M7,"REORDER NOW",IF(IFERROR(AC7/F7,0)>150,"OVERSTOCK","HEALTHY")) -> HEALTHY
A8: SKU007 | B8: USB-C Charging Cable 2m | C8: Cables | D8: =SUM(Sales!$E$74:$E$85) -> 2410 | E8: =D8*INDEX('Item Master'!$F$2:$F$51,MATCH($A8,'Item Master'!$A$2:$A$51,0)) -> 313300 | F8: =D8/365 -> 6.6027397 | G8: =MAX(Sales!$E$74:$E$85) -> 328 | H8: =AVERAGE(Sales!$E$74:$E$85) -> 200.83333 | I8: =STDEV(Sales!$E$74:$E$85) -> 42.486005 | J8: =IFERROR(I8/H8,0) -> 0.21154857 | K8: =INDEX('Item Master'!$E$2:$E$51,MATCH($A8,'Item Master'!$A$2:$A$51,0)) -> 5 | L8: =((G8-H8)/30)*K8 -> 21.194444 | M8: =(F8*K8)+L8 -> 54.208143 | N8: =INDEX('Item Master'!$G$2:$G$51,MATCH($A8,'Item Master'!$A$2:$A$51,0)) -> 500 | O8: =INDEX('Item Master'!$H$2:$H$51,MATCH($A8,'Item Master'!$A$2:$A$51,0)) -> 26 | P8: =IFERROR(SQRT((2*D8*N8)/O8),0) -> 304.45411 | Q8: =IFERROR(P8/F8,0) -> 46.11027 | R8: =IFERROR(D8/P8,0) -> 7.915807 | S8: =Calculations!$E$74 -> 378 | T8: =Calculations!$J$85 -> 710 | U8: =(S8+T8)/2 -> 544 | V8: =U8*INDEX('Item Master'!$F$2:$F$51,MATCH($A8,'Item Master'!$A$2:$A$51,0)) -> 70720 | W8: =IFERROR(E8/V8,0) -> 4.4301471 | X8: =IFERROR(365/W8,0) -> 82.390041 | Y8: =E8 -> 313300 | Z8: =SUMIF($Y$2:$Y$51,">="&Y8,$Y$2:$Y$51)/SUM($Y$2:$Y$51) -> 0.87145629 | AA8: =IF(Z8<=0.8,"A",IF(Z8<=0.95,"B","C")) -> B | AB8: =IF(AA8="A","Weekly",IF(AA8="B","Monthly","Quarterly")) -> Monthly | AC8: =T8 -> 710 | AD8: =IF(AC8<=M8,"REORDER NOW",IF(IFERROR(AC8/F8,0)>150,"OVERSTOCK","HEALTHY")) -> HEALTHY
A9: SKU008 | B9: Lightning Cable 1m | C9: Cables | D9: =SUM(Sales!$E$86:$E$97) -> 1849 | E9: =D9*INDEX('Item Master'!$F$2:$F$51,MATCH($A9,'Item Master'!$A$2:$A$51,0)) -> 277350 | F9: =D9/365 -> 5.0657534 | G9: =MAX(Sales!$E$86:$E$97) -> 246 | H9: =AVERAGE(Sales!$E$86:$E$97) -> 154.08333 | I9: =STDEV(Sales!$E$86:$E$97) -> 32.759338 | J9: =IFERROR(I9/H9,0) -> 0.21260793 | K9: =INDEX('Item Master'!$E$2:$E$51,MATCH($A9,'Item Master'!$A$2:$A$51,0)) -> 3 | L9: =((G9-H9)/30)*K9 -> 9.1916667 | M9: =(F9*K9)+L9 -> 24.388927 | N9: =INDEX('Item Master'!$G$2:$G$51,MATCH($A9,'Item Master'!$A$2:$A$51,0)) -> 500 | O9: =INDEX('Item Master'!$H$2:$H$51,MATCH($A9,'Item Master'!$A$2:$A$51,0)) -> 30 | P9: =IFERROR(SQRT((2*D9*N9)/O9),0) -> 248.26062 | Q9: =IFERROR(P9/F9,0) -> 49.007639 | R9: =IFERROR(D9/P9,0) -> 7.4478185 | S9: =Calculations!$E$86 -> 139 | T9: =Calculations!$J$97 -> 271 | U9: =(S9+T9)/2 -> 205 | V9: =U9*INDEX('Item Master'!$F$2:$F$51,MATCH($A9,'Item Master'!$A$2:$A$51,0)) -> 30750 | W9: =IFERROR(E9/V9,0) -> 9.0195122 | X9: =IFERROR(365/W9,0) -> 40.46782 | Y9: =E9 -> 277350 | Z9: =SUMIF($Y$2:$Y$51,">="&Y9,$Y$2:$Y$51)/SUM($Y$2:$Y$51) -> 0.87940468 | AA9: =IF(Z9<=0.8,"A",IF(Z9<=0.95,"B","C")) -> B | AB9: =IF(AA9="A","Weekly",IF(AA9="B","Monthly","Quarterly")) -> Monthly | AC9: =T9 -> 271 | AD9: =IF(AC9<=M9,"REORDER NOW",IF(IFERROR(AC9/F9,0)>150,"OVERSTOCK","HEALTHY")) -> HEALTHY
A10: SKU009 | B10: Micro USB Cable | C10: Cables | D10: =SUM(Sales!$E$98:$E$109) -> 2582 | E10: =D10*INDEX('Item Master'!$F$2:$F$51,MATCH($A10,'Item Master'!$A$2:$A$51,0)) -> 154920 | F10: =D10/365 -> 7.0739726 | G10: =MAX(Sales!$E$98:$E$109) -> 326 | H10: =AVERAGE(Sales!$E$98:$E$109) -> 215.16667 | I10: =STDEV(Sales!$E$98:$E$109) -> 41.060561 | J10: =IFERROR(I10/H10,0) -> 0.19083142 | K10: =INDEX('Item Master'!$E$2:$E$51,MATCH($A10,'Item Master'!$A$2:$A$51,0)) -> 14 | L10: =((G10-H10)/30)*K10 -> 51.722222 | M10: =(F10*K10)+L10 -> 150.75784 | N10: =INDEX('Item Master'!$G$2:$G$51,MATCH($A10,'Item Master'!$A$2:$A$51,0)) -> 500 | O10: =INDEX('Item Master'!$H$2:$H$51,MATCH($A10,'Item Master'!$A$2:$A$51,0)) -> 12 | P10: =IFERROR(SQRT((2*D10*N10)/O10),0) -> 463.86061 | Q10: =IFERROR(P10/F10,0) -> 65.572859 | R10: =IFERROR(D10/P10,0) -> 5.5663273 | S10: =Calculations!$E$98 -> 166 | T10: =Calculations!$J$109 -> 451 | U10: =(S10+T10)/2 -> 308.5 | V10: =U10*INDEX('Item Master'!$F$2:$F$51,MATCH($A10,'Item Master'!$A$2:$A$51,0)) -> 18510 | W10: =IFERROR(E10/V10,0) -> 8.36953 | X10: =IFERROR(365/W10,0) -> 43.610573 | Y10: =E10 -> 154920 | Z10: =SUMIF($Y$2:$Y$51,">="&Y10,$Y$2:$Y$51)/SUM($Y$2:$Y$51) -> 0.97025095 | AA10: =IF(Z10<=0.8,"A",IF(Z10<=0.95,"B","C")) -> C | AB10: =IF(AA10="A","Weekly",IF(AA10="B","Monthly","Quarterly")) -> Quarterly | AC10: =T10 -> 451 | AD10: =IF(AC10<=M10,"REORDER NOW",IF(IFERROR(AC10/F10,0)>150,"OVERSTOCK","HEALTHY")) -> HEALTHY
A11: SKU010 | B11: HDMI Cable 2m | C11: Cables | D11: =SUM(Sales!$E$110:$E$121) -> 2281 | E11: =D11*INDEX('Item Master'!$F$2:$F$51,MATCH($A11,'Item Master'!$A$2:$A$51,0)) -> 456200 | F11: =D11/365 -> 6.2493151 | G11: =MAX(Sales!$E$110:$E$121) -> 271 | H11: =AVERAGE(Sales!$E$110:$E$121) -> 190.08333 | I11: =STDEV(Sales!$E$110:$E$121) -> 32.864621 | J11: =IFERROR(I11/H11,0) -> 0.17289586 | K11: =INDEX('Item Master'!$E$2:$E$51,MATCH($A11,'Item Master'!$A$2:$A$51,0)) -> 7 | L11: =((G11-H11)/30)*K11 -> 18.880556 | M11: =(F11*K11)+L11 -> 62.625761 | N11: =INDEX('Item Master'!$G$2:$G$51,MATCH($A11,'Item Master'!$A$2:$A$51,0)) -> 500 | O11: =INDEX('Item Master'!$H$2:$H$51,MATCH($A11,'Item Master'!$A$2:$A$51,0)) -> 40 | P11: =IFERROR(SQRT((2*D11*N11)/O11),0) -> 238.79908 | Q11: =IFERROR(P11/F11,0) -> 38.21204 | R11: =IFERROR(D11/P11,0) -> 9.5519631 | S11: =Calculations!$E$110 -> 346 | T11: =Calculations!$J$121 -> 614 | U11: =(S11+T11)/2 -> 480 | V11: =U11*INDEX('Item Master'!$F$2:$F$51,MATCH($A11,'Item Master'!$A$2:$A$51,0)) -> 96000 | W11: =IFERROR(E11/V11,0) -> 4.7520833 | X11: =IFERROR(365/W11,0) -> 76.808417 | Y11: =E11 -> 456200 | Z11: =SUMIF($Y$2:$Y$51,">="&Y11,$Y$2:$Y$51)/SUM($Y$2:$Y$51) -> 0.79119582 | AA11: =IF(Z11<=0.8,"A",IF(Z11<=0.95,"B","C")) -> A | AB11: =IF(AA11="A","Weekly",IF(AA11="B","Monthly","Quarterly")) -> Weekly | AC11: =T11 -> 614 | AD11: =IF(AC11<=M11,"REORDER NOW",IF(IFERROR(AC11/F11,0)>150,"OVERSTOCK","HEALTHY")) -> HEALTHY
A12: SKU011 | B12: 20W Fast Charger Adapter | C12: Chargers | D12: =SUM(Sales!$E$122:$E$133) -> 864 | E12: =D12*INDEX('Item Master'!$F$2:$F$51,MATCH($A12,'Item Master'!$A$2:$A$51,0)) -> 345600 | F12: =D12/365 -> 2.3671233 | G12: =MAX(Sales!$E$122:$E$133) -> 121 | H12: =AVERAGE(Sales!$E$122:$E$133) -> 72 | I12: =STDEV(Sales!$E$122:$E$133) -> 17.606817 | J12: =IFERROR(I12/H12,0) -> 0.24453912 | K12: =INDEX('Item Master'!$E$2:$E$51,MATCH($A12,'Item Master'!$A$2:$A$51,0)) -> 10 | L12: =((G12-H12)/30)*K12 -> 16.333333 | M12: =(F12*K12)+L12 -> 40.004566 | N12: =INDEX('Item Master'!$G$2:$G$51,MATCH($A12,'Item Master'!$A$2:$A$51,0)) -> 500 | O12: =INDEX('Item Master'!$H$2:$H$51,MATCH($A12,'Item Master'!$A$2:$A$51,0)) -> 80 | P12: =IFERROR(SQRT((2*D12*N12)/O12),0) -> 103.92305 | Q12: =IFERROR(P12/F12,0) -> 43.902677 | R12: =IFERROR(D12/P12,0) -> 8.3138439 | S12: =Calculations!$E$122 -> 316 | T12: =Calculations!$J$133 -> 418 | U12: =(S12+T12)/2 -> 367 | V12: =U12*INDEX('Item Master'!$F$2:$F$51,MATCH($A12,'Item Master'!$A$2:$A$51,0)) -> 146800 | W12: =IFERROR(E12/V12,0) -> 2.3542234 | X12: =IFERROR(365/W12,0) -> 155.04051 | Y12: =E12 -> 345600 | Z12: =SUMIF($Y$2:$Y$51,">="&Y12,$Y$2:$Y$51)/SUM($Y$2:$Y$51) -> 0.84358465 | AA12: =IF(Z12<=0.8,"A",IF(Z12<=0.95,"B","C")) -> B | AB12: =IF(AA12="A","Weekly",IF(AA12="B","Monthly","Quarterly")) -> Monthly | AC12: =T12 -> 418 | AD12: =IF(AC12<=M12,"REORDER NOW",IF(IFERROR(AC12/F12,0)>150,"OVERSTOCK","HEALTHY")) -> OVERSTOCK
A13: SKU012 | B13: 65W GaN Charger | C13: Chargers | D13: =SUM(Sales!$E$134:$E$145) -> 1604 | E13: =D13*INDEX('Item Master'!$F$2:$F$51,MATCH($A13,'Item Master'!$A$2:$A$51,0)) -> 1764400 | F13: =D13/365 -> 4.3945205 | G13: =MAX(Sales!$E$134:$E$145) -> 217 | H13: =AVERAGE(Sales!$E$134:$E$145) -> 133.66667 | I13: =STDEV(Sales!$E$134:$E$145) -> 29.812546 | J13: =IFERROR(I13/H13,0) -> 0.2230365 | K13: =INDEX('Item Master'!$E$2:$E$51,MATCH($A13,'Item Master'!$A$2:$A$51,0)) -> 5 | L13: =((G13-H13)/30)*K13 -> 13.888889 | M13: =(F13*K13)+L13 -> 35.861492 | N13: =INDEX('Item Master'!$G$2:$G$51,MATCH($A13,'Item Master'!$A$2:$A$51,0)) -> 500 | O13: =INDEX('Item Master'!$H$2:$H$51,MATCH($A13,'Item Master'!$A$2:$A$51,0)) -> 220 | P13: =IFERROR(SQRT((2*D13*N13)/O13),0) -> 85.38682 | Q13: =IFERROR(P13/F13,0) -> 19.430293 | R13: =IFERROR(D13/P13,0) -> 18.7851 | S13: =Calculations!$E$134 -> 101 | T13: =Calculations!$J$145 -> 304 | U13: =(S13+T13)/2 -> 202.5 | V13: =U13*INDEX('Item Master'!$F$2:$F$51,MATCH($A13,'Item Master'!$A$2:$A$51,0)) -> 222750 | W13: =IFERROR(E13/V13,0) -> 7.9209877 | X13: =IFERROR(365/W13,0) -> 46.080112 | Y13: =E13 -> 1764400 | Z13: =SUMIF($Y$2:$Y$51,">="&Y13,$Y$2:$Y$51)/SUM($Y$2:$Y$51) -> 0.59990159 | AA13: =IF(Z13<=0.8,"A",IF(Z13<=0.95,"B","C")) -> A | AB13: =IF(AA13="A","Weekly",IF(AA13="B","Monthly","Quarterly")) -> Weekly | AC13: =T13 -> 304 | AD13: =IF(AC13<=M13,"REORDER NOW",IF(IFERROR(AC13/F13,0)>150,"OVERSTOCK","HEALTHY")) -> HEALTHY
A14: SKU013 | B14: Wireless Charging Pad | C14: Chargers | D14: =SUM(Sales!$E$146:$E$157) -> 755 | E14: =D14*INDEX('Item Master'!$F$2:$F$51,MATCH($A14,'Item Master'!$A$2:$A$51,0)) -> 528500 | F14: =D14/365 -> 2.0684932 | G14: =MAX(Sales!$E$146:$E$157) -> 97 | H14: =AVERAGE(Sales!$E$146:$E$157) -> 62.916667 | I14: =STDEV(Sales!$E$146:$E$157) -> 11.950339 | J14: =IFERROR(I14/H14,0) -> 0.18993917 | K14: =INDEX('Item Master'!$E$2:$E$51,MATCH($A14,'Item Master'!$A$2:$A$51,0)) -> 5 | L14: =((G14-H14)/30)*K14 -> 5.6805556 | M14: =(F14*K14)+L14 -> 16.023021 | N14: =INDEX('Item Master'!$G$2:$G$51,MATCH($A14,'Item Master'!$A$2:$A$51,0)) -> 500 | O14: =INDEX('Item Master'!$H$2:$H$51,MATCH($A14,'Item Master'!$A$2:$A$51,0)) -> 140 | P14: =IFERROR(SQRT((2*D14*N14)/O14),0) -> 73.436075 | Q14: =IFERROR(P14/F14,0) -> 35.502209 | R14: =IFERROR(D14/P14,0) -> 10.281051 | S14: =Calculations!$E$146 -> 230 | T14: =Calculations!$J$157 -> 326 | U14: =(S14+T14)/2 -> 278 | V14: =U14*INDEX('Item Master'!$F$2:$F$51,MATCH($A14,'Item Master'!$A$2:$A$51,0)) -> 194600 | W14: =IFERROR(E14/V14,0) -> 2.7158273 | X14: =IFERROR(365/W14,0) -> 134.39735 | Y14: =E14 -> 528500 | Z14: =SUMIF($Y$2:$Y$51,">="&Y14,$Y$2:$Y$51)/SUM($Y$2:$Y$51) -> 0.7781219 | AA14: =IF(Z14<=0.8,"A",IF(Z14<=0.95,"B","C")) -> A | AB14: =IF(AA14="A","Weekly",IF(AA14="B","Monthly","Quarterly")) -> Weekly | AC14: =T14 -> 326 | AD14: =IF(AC14<=M14,"REORDER NOW",IF(IFERROR(AC14/F14,0)>150,"OVERSTOCK","HEALTHY")) -> OVERSTOCK
A15: SKU014 | B15: Car Charger Dual Port | C15: Chargers | D15: =SUM(Sales!$E$158:$E$169) -> 861 | E15: =D15*INDEX('Item Master'!$F$2:$F$51,MATCH($A15,'Item Master'!$A$2:$A$51,0)) -> 215250 | F15: =D15/365 -> 2.3589041 | G15: =MAX(Sales!$E$158:$E$169) -> 113 | H15: =AVERAGE(Sales!$E$158:$E$169) -> 71.75 | I15: =STDEV(Sales!$E$158:$E$169) -> 14.691525 | J15: =IFERROR(I15/H15,0) -> 0.20475993 | K15: =INDEX('Item Master'!$E$2:$E$51,MATCH($A15,'Item Master'!$A$2:$A$51,0)) -> 5 | L15: =((G15-H15)/30)*K15 -> 6.875 | M15: =(F15*K15)+L15 -> 18.669521 | N15: =INDEX('Item Master'!$G$2:$G$51,MATCH($A15,'Item Master'!$A$2:$A$51,0)) -> 500 | O15: =INDEX('Item Master'!$H$2:$H$51,MATCH($A15,'Item Master'!$A$2:$A$51,0)) -> 50 | P15: =IFERROR(SQRT((2*D15*N15)/O15),0) -> 131.225 | Q15: =IFERROR(P15/F15,0) -> 55.629645 | R15: =IFERROR(D15/P15,0) -> 6.5612499 | S15: =Calculations!$E$158 -> 156 | T15: =Calculations!$J$169 -> 232 | U15: =(S15+T15)/2 -> 194 | V15: =U15*INDEX('Item Master'!$F$2:$F$51,MATCH($A15,'Item Master'!$A$2:$A$51,0)) -> 48500 | W15: =IFERROR(E15/V15,0) -> 4.4381443 | X15: =IFERROR(365/W15,0) -> 82.24158 | Y15: =E15 -> 215250 | Z15: =SUMIF($Y$2:$Y$51,">="&Y15,$Y$2:$Y$51)/SUM($Y$2:$Y$51) -> 0.92635845 | AA15: =IF(Z15<=0.8,"A",IF(Z15<=0.95,"B","C")) -> B | AB15: =IF(AA15="A","Weekly",IF(AA15="B","Monthly","Quarterly")) -> Monthly | AC15: =T15 -> 232 | AD15: =IF(AC15<=M15,"REORDER NOW",IF(IFERROR(AC15/F15,0)>150,"OVERSTOCK","HEALTHY")) -> HEALTHY
A16: SKU015 | B16: Power Bank 10000mAh | C16: Power Banks | D16: =SUM(Sales!$E$170:$E$181) -> 1363 | E16: =D16*INDEX('Item Master'!$F$2:$F$51,MATCH($A16,'Item Master'!$A$2:$A$51,0)) -> 1226700 | F16: =D16/365 -> 3.7342466 | G16: =MAX(Sales!$E$170:$E$181) -> 165 | H16: =AVERAGE(Sales!$E$170:$E$181) -> 113.58333 | I16: =STDEV(Sales!$E$170:$E$181) -> 18.012412 | J16: =IFERROR(I16/H16,0) -> 0.15858323 | K16: =INDEX('Item Master'!$E$2:$E$51,MATCH($A16,'Item Master'!$A$2:$A$51,0)) -> 3 | L16: =((G16-H16)/30)*K16 -> 5.1416667 | M16: =(F16*K16)+L16 -> 16.344406 | N16: =INDEX('Item Master'!$G$2:$G$51,MATCH($A16,'Item Master'!$A$2:$A$51,0)) -> 500 | O16: =INDEX('Item Master'!$H$2:$H$51,MATCH($A16,'Item Master'!$A$2:$A$51,0)) -> 180 | P16: =IFERROR(SQRT((2*D16*N16)/O16),0) -> 87.018517 | Q16: =IFERROR(P16/F16,0) -> 23.302831 | R16: =IFERROR(D16/P16,0) -> 15.663333 | S16: =Calculations!$E$170 -> 143 | T16: =Calculations!$J$181 -> 282 | U16: =(S16+T16)/2 -> 212.5 | V16: =U16*INDEX('Item Master'!$F$2:$F$51,MATCH($A16,'Item Master'!$A$2:$A$51,0)) -> 191250 | W16: =IFERROR(E16/V16,0) -> 6.4141176 | X16: =IFERROR(365/W16,0) -> 56.905723 | Y16: =E16 -> 1226700 | Z16: =SUMIF($Y$2:$Y$51,">="&Y16,$Y$2:$Y$51)/SUM($Y$2:$Y$51) -> 0.67537898 | AA16: =IF(Z16<=0.8,"A",IF(Z16<=0.95,"B","C")) -> A | AB16: =IF(AA16="A","Weekly",IF(AA16="B","Monthly","Quarterly")) -> Weekly | AC16: =T16 -> 282 | AD16: =IF(AC16<=M16,"REORDER NOW",IF(IFERROR(AC16/F16,0)>150,"OVERSTOCK","HEALTHY")) -> HEALTHY
A17: SKU016 | B17: Power Bank 20000mAh | C17: Power Banks | D17: =SUM(Sales!$E$182:$E$193) -> 938 | E17: =D17*INDEX('Item Master'!$F$2:$F$51,MATCH($A17,'Item Master'!$A$2:$A$51,0)) -> 1407000 | F17: =D17/365 -> 2.569863 | G17: =MAX(Sales!$E$182:$E$193) -> 129 | H17: =AVERAGE(Sales!$E$182:$E$193) -> 78.166667 | I17: =STDEV(Sales!$E$182:$E$193) -> 18.064699 | J17: =IFERROR(I17/H17,0) -> 0.23110489 | K17: =INDEX('Item Master'!$E$2:$E$51,MATCH($A17,'Item Master'!$A$2:$A$51,0)) -> 5 | L17: =((G17-H17)/30)*K17 -> 8.4722222 | M17: =(F17*K17)+L17 -> 21.321537 | N17: =INDEX('Item Master'!$G$2:$G$51,MATCH($A17,'Item Master'!$A$2:$A$51,0)) -> 500 | O17: =INDEX('Item Master'!$H$2:$H$51,MATCH($A17,'Item Master'!$A$2:$A$51,0)) -> 300 | P17: =IFERROR(SQRT((2*D17*N17)/O17),0) -> 55.916605 | Q17: =IFERROR(P17/F17,0) -> 21.758593 | R17: =IFERROR(D17/P17,0) -> 16.774981 | S17: =Calculations!$E$182 -> 345 | T17: =Calculations!$J$193 -> 451 | U17: =(S17+T17)/2 -> 398 | V17: =U17*INDEX('Item Master'!$F$2:$F$51,MATCH($A17,'Item Master'!$A$2:$A$51,0)) -> 597000 | W17: =IFERROR(E17/V17,0) -> 2.3567839 | X17: =IFERROR(365/W17,0) -> 154.87207 | Y17: =E17 -> 1407000 | Z17: =SUMIF($Y$2:$Y$51,">="&Y17,$Y$2:$Y$51)/SUM($Y$2:$Y$51) -> 0.64022383 | AA17: =IF(Z17<=0.8,"A",IF(Z17<=0.95,"B","C")) -> A | AB17: =IF(AA17="A","Weekly",IF(AA17="B","Monthly","Quarterly")) -> Weekly | AC17: =T17 -> 451 | AD17: =IF(AC17<=M17,"REORDER NOW",IF(IFERROR(AC17/F17,0)>150,"OVERSTOCK","HEALTHY")) -> OVERSTOCK
A18: SKU017 | B18: Power Bank 5000mAh Slim | C18: Power Banks | D18: =SUM(Sales!$E$194:$E$205) -> 1213 | E18: =D18*INDEX('Item Master'!$F$2:$F$51,MATCH($A18,'Item Master'!$A$2:$A$51,0)) -> 727800 | F18: =D18/365 -> 3.3232877 | G18: =MAX(Sales!$E$194:$E$205) -> 155 | H18: =AVERAGE(Sales!$E$194:$E$205) -> 101.08333 | I18: =STDEV(Sales!$E$194:$E$205) -> 19.90641 | J18: =IFERROR(I18/H18,0) -> 0.19693068 | K18: =INDEX('Item Master'!$E$2:$E$51,MATCH($A18,'Item Master'!$A$2:$A$51,0)) -> 3 | L18: =((G18-H18)/30)*K18 -> 5.3916667 | M18: =(F18*K18)+L18 -> 15.36153 | N18: =INDEX('Item Master'!$G$2:$G$51,MATCH($A18,'Item Master'!$A$2:$A$51,0)) -> 500 | O18: =INDEX('Item Master'!$H$2:$H$51,MATCH($A18,'Item Master'!$A$2:$A$51,0)) -> 120 | P18: =IFERROR(SQRT((2*D18*N18)/O18),0) -> 100.54021 | Q18: =IFERROR(P18/F18,0) -> 30.253236 | R18: =IFERROR(D18/P18,0) -> 12.064825 | S18: =Calculations!$E$194 -> 362 | T18: =Calculations!$J$205 -> 454 | U18: =(S18+T18)/2 -> 408 | V18: =U18*INDEX('Item Master'!$F$2:$F$51,MATCH($A18,'Item Master'!$A$2:$A$51,0)) -> 244800 | W18: =IFERROR(E18/V18,0) -> 2.9730392 | X18: =IFERROR(365/W18,0) -> 122.76999 | Y18: =E18 -> 727800 | Z18: =SUMIF($Y$2:$Y$51,">="&Y18,$Y$2:$Y$51)/SUM($Y$2:$Y$51) -> 0.76297598 | AA18: =IF(Z18<=0.8,"A",IF(Z18<=0.95,"B","C")) -> A | AB18: =IF(AA18="A","Weekly",IF(AA18="B","Monthly","Quarterly")) -> Weekly | AC18: =T18 -> 454 | AD18: =IF(AC18<=M18,"REORDER NOW",IF(IFERROR(AC18/F18,0)>150,"OVERSTOCK","HEALTHY")) -> HEALTHY
A19: SKU018 | B19: Clear Phone Case - iPhone | C19: Cases | D19: =SUM(Sales!$E$206:$E$217) -> 1376 | E19: =D19*INDEX('Item Master'!$F$2:$F$51,MATCH($A19,'Item Master'!$A$2:$A$51,0)) -> 206400 | F19: =D19/365 -> 3.769863 | G19: =MAX(Sales!$E$206:$E$217) -> 193 | H19: =AVERAGE(Sales!$E$206:$E$217) -> 114.66667 | I19: =STDEV(Sales!$E$206:$E$217) -> 26.351931 | J19: =IFERROR(I19/H19,0) -> 0.22981335 | K19: =INDEX('Item Master'!$E$2:$E$51,MATCH($A19,'Item Master'!$A$2:$A$51,0)) -> 5 | L19: =((G19-H19)/30)*K19 -> 13.055556 | M19: =(F19*K19)+L19 -> 31.904871 | N19: =INDEX('Item Master'!$G$2:$G$51,MATCH($A19,'Item Master'!$A$2:$A$51,0)) -> 500 | O19: =INDEX('Item Master'!$H$2:$H$51,MATCH($A19,'Item Master'!$A$2:$A$51,0)) -> 30 | P19: =IFERROR(SQRT((2*D19*N19)/O19),0) -> 214.16505 | Q19: =IFERROR(P19/F19,0) -> 56.809769 | R19: =IFERROR(D19/P19,0) -> 6.4249514 | S19: =Calculations!$E$206 -> 130 | T19: =Calculations!$J$217 -> 302 | U19: =(S19+T19)/2 -> 216 | V19: =U19*INDEX('Item Master'!$F$2:$F$51,MATCH($A19,'Item Master'!$A$2:$A$51,0)) -> 32400 | W19: =IFERROR(E19/V19,0) -> 6.3703704 | X19: =IFERROR(365/W19,0) -> 57.296512 | Y19: =E19 -> 206400 | Z19: =SUMIF($Y$2:$Y$51,">="&Y19,$Y$2:$Y$51)/SUM($Y$2:$Y$51) -> 0.93825739 | AA19: =IF(Z19<=0.8,"A",IF(Z19<=0.95,"B","C")) -> B | AB19: =IF(AA19="A","Weekly",IF(AA19="B","Monthly","Quarterly")) -> Monthly | AC19: =T19 -> 302 | AD19: =IF(AC19<=M19,"REORDER NOW",IF(IFERROR(AC19/F19,0)>150,"OVERSTOCK","HEALTHY")) -> HEALTHY
A20: SKU019 | B20: Clear Phone Case - Samsung | C20: Cases | D20: =SUM(Sales!$E$218:$E$229) -> 1573 | E20: =D20*INDEX('Item Master'!$F$2:$F$51,MATCH($A20,'Item Master'!$A$2:$A$51,0)) -> 235950 | F20: =D20/365 -> 4.309589 | G20: =MAX(Sales!$E$218:$E$229) -> 177 | H20: =AVERAGE(Sales!$E$218:$E$229) -> 131.08333 | I20: =STDEV(Sales!$E$218:$E$229) -> 20.725296 | J20: =IFERROR(I20/H20,0) -> 0.15810779 | K20: =INDEX('Item Master'!$E$2:$E$51,MATCH($A20,'Item Master'!$A$2:$A$51,0)) -> 5 | L20: =((G20-H20)/30)*K20 -> 7.6527778 | M20: =(F20*K20)+L20 -> 29.200723 | N20: =INDEX('Item Master'!$G$2:$G$51,MATCH($A20,'Item Master'!$A$2:$A$51,0)) -> 500 | O20: =INDEX('Item Master'!$H$2:$H$51,MATCH($A20,'Item Master'!$A$2:$A$51,0)) -> 30 | P20: =IFERROR(SQRT((2*D20*N20)/O20),0) -> 228.98326 | Q20: =IFERROR(P20/F20,0) -> 53.133433 | R20: =IFERROR(D20/P20,0) -> 6.8694978 | S20: =Calculations!$E$218 -> 334 | T20: =Calculations!$J$229 -> 557 | U20: =(S20+T20)/2 -> 445.5 | V20: =U20*INDEX('Item Master'!$F$2:$F$51,MATCH($A20,'Item Master'!$A$2:$A$51,0)) -> 66825 | W20: =IFERROR(E20/V20,0) -> 3.5308642 | X20: =IFERROR(365/W20,0) -> 103.37413 | Y20: =E20 -> 235950 | Z20: =SUMIF($Y$2:$Y$51,">="&Y20,$Y$2:$Y$51)/SUM($Y$2:$Y$51) -> 0.90062759 | AA20: =IF(Z20<=0.8,"A",IF(Z20<=0.95,"B","C")) -> B | AB20: =IF(AA20="A","Weekly",IF(AA20="B","Monthly","Quarterly")) -> Monthly | AC20: =T20 -> 557 | AD20: =IF(AC20<=M20,"REORDER NOW",IF(IFERROR(AC20/F20,0)>150,"OVERSTOCK","HEALTHY")) -> HEALTHY
A21: SKU020 | B21: Rugged Phone Case - iPhone | C21: Cases | D21: =SUM(Sales!$E$230:$E$241) -> 1066 | E21: =D21*INDEX('Item Master'!$F$2:$F$51,MATCH($A21,'Item Master'!$A$2:$A$51,0)) -> 373100 | F21: =D21/365 -> 2.9205479 | G21: =MAX(Sales!$E$230:$E$241) -> 131 | H21: =AVERAGE(Sales!$E$230:$E$241) -> 88.833333 | I21: =STDEV(Sales!$E$230:$E$241) -> 14.916942 | J21: =IFERROR(I21/H21,0) -> 0.16792055 | K21: =INDEX('Item Master'!$E$2:$E$51,MATCH($A21,'Item Master'!$A$2:$A$51,0)) -> 3 | L21: =((G21-H21)/30)*K21 -> 4.2166667 | M21: =(F21*K21)+L21 -> 12.978311 | N21: =INDEX('Item Master'!$G$2:$G$51,MATCH($A21,'Item Master'!$A$2:$A$51,0)) -> 500 | O21: =INDEX('Item Master'!$H$2:$H$51,MATCH($A21,'Item Master'!$A$2:$A$51,0)) -> 70 | P21: =IFERROR(SQRT((2*D21*N21)/O21),0) -> 123.4041 | Q21: =IFERROR(P21/F21,0) -> 42.253748 | R21: =IFERROR(D21/P21,0) -> 8.6382869 | S21: =Calculations!$E$230 -> 379 | T21: =Calculations!$J$241 -> 537 | U21: =(S21+T21)/2 -> 458 | V21: =U21*INDEX('Item Master'!$F$2:$F$51,MATCH($A21,'Item Master'!$A$2:$A$51,0)) -> 160300 | W21: =IFERROR(E21/V21,0) -> 2.3275109 | X21: =IFERROR(365/W21,0) -> 156.81989 | Y21: =E21 -> 373100 | Z21: =SUMIF($Y$2:$Y$51,">="&Y21,$Y$2:$Y$51)/SUM($Y$2:$Y$51) -> 0.81278986 | AA21: =IF(Z21<=0.8,"A",IF(Z21<=0.95,"B","C")) -> B | AB21: =IF(AA21="A","Weekly",IF(AA21="B","Monthly","Quarterly")) -> Monthly | AC21: =T21 -> 537 | AD21: =IF(AC21<=M21,"REORDER NOW",IF(IFERROR(AC21/F21,0)>150,"OVERSTOCK","HEALTHY")) -> OVERSTOCK
A22: SKU021 | B22: Rugged Phone Case - Samsung | C22: Cases | D22: =SUM(Sales!$E$242:$E$253) -> 1031 | E22: =D22*INDEX('Item Master'!$F$2:$F$51,MATCH($A22,'Item Master'!$A$2:$A$51,0)) -> 360850 | F22: =D22/365 -> 2.8246575 | G22: =MAX(Sales!$E$242:$E$253) -> 127 | H22: =AVERAGE(Sales!$E$242:$E$253) -> 85.916667 | I22: =STDEV(Sales!$E$242:$E$253) -> 13.720975 | J22: =IFERROR(I22/H22,0) -> 0.15970097 | K22: =INDEX('Item Master'!$E$2:$E$51,MATCH($A22,'Item Master'!$A$2:$A$51,0)) -> 5 | L22: =((G22-H22)/30)*K22 -> 6.8472222 | M22: =(F22*K22)+L22 -> 20.97051 | N22: =INDEX('Item Master'!$G$2:$G$51,MATCH($A22,'Item Master'!$A$2:$A$51,0)) -> 500 | O22: =INDEX('Item Master'!$H$2:$H$51,MATCH($A22,'Item Master'!$A$2:$A$51,0)) -> 70 | P22: =IFERROR(SQRT((2*D22*N22)/O22),0) -> 121.36133 | Q22: =IFERROR(P22/F22,0) -> 42.96497 | R22: =IFERROR(D22/P22,0) -> 8.4952928 | S22: =Calculations!$E$242 -> 385 | T22: =Calculations!$J$253 -> 458 | U22: =(S22+T22)/2 -> 421.5 | V22: =U22*INDEX('Item Master'!$F$2:$F$51,MATCH($A22,'Item Master'!$A$2:$A$51,0)) -> 147525 | W22: =IFERROR(E22/V22,0) -> 2.4460261 | X22: =IFERROR(365/W22,0) -> 149.22163 | Y22: =E22 -> 360850 | Z22: =SUMIF($Y$2:$Y$51,">="&Y22,$Y$2:$Y$51)/SUM($Y$2:$Y$51) -> 0.83368034 | AA22: =IF(Z22<=0.8,"A",IF(Z22<=0.95,"B","C")) -> B | AB22: =IF(AA22="A","Weekly",IF(AA22="B","Monthly","Quarterly")) -> Monthly | AC22: =T22 -> 458 | AD22: =IF(AC22<=M22,"REORDER NOW",IF(IFERROR(AC22/F22,0)>150,"OVERSTOCK","HEALTHY")) -> OVERSTOCK
A23: SKU022 | B23: Leather Wallet Case | C23: Cases | D23: =SUM(Sales!$E$254:$E$265) -> 765 | E23: =D23*INDEX('Item Master'!$F$2:$F$51,MATCH($A23,'Item Master'!$A$2:$A$51,0)) -> 344250 | F23: =D23/365 -> 2.0958904 | G23: =MAX(Sales!$E$254:$E$265) -> 107 | H23: =AVERAGE(Sales!$E$254:$E$265) -> 63.75 | I23: =STDEV(Sales!$E$254:$E$265) -> 15.160505 | J23: =IFERROR(I23/H23,0) -> 0.23781184 | K23: =INDEX('Item Master'!$E$2:$E$51,MATCH($A23,'Item Master'!$A$2:$A$51,0)) -> 10 | L23: =((G23-H23)/30)*K23 -> 14.416667 | M23: =(F23*K23)+L23 -> 35.375571 | N23: =INDEX('Item Master'!$G$2:$G$51,MATCH($A23,'Item Master'!$A$2:$A$51,0)) -> 500 | O23: =INDEX('Item Master'!$H$2:$H$51,MATCH($A23,'Item Master'!$A$2:$A$51,0)) -> 90 | P23: =IFERROR(SQRT((2*D23*N23)/O23),0) -> 92.195445 | Q23: =IFERROR(P23/F23,0) -> 43.988676 | R23: =IFERROR(D23/P23,0) -> 8.29759 | S23: =Calculations!$E$254 -> 121 | T23: =Calculations!$J$265 -> 194 | U23: =(S23+T23)/2 -> 157.5 | V23: =U23*INDEX('Item Master'!$F$2:$F$51,MATCH($A23,'Item Master'!$A$2:$A$51,0)) -> 70875 | W23: =IFERROR(E23/V23,0) -> 4.8571429 | X23: =IFERROR(365/W23,0) -> 75.147059 | Y23: =E23 -> 344250 | Z23: =SUMIF($Y$2:$Y$51,">="&Y23,$Y$2:$Y$51)/SUM($Y$2:$Y$51) -> 0.85345027 | AA23: =IF(Z23<=0.8,"A",IF(Z23<=0.95,"B","C")) -> B | AB23: =IF(AA23="A","Weekly",IF(AA23="B","Monthly","Quarterly")) -> Monthly | AC23: =T23 -> 194 | AD23: =IF(AC23<=M23,"REORDER NOW",IF(IFERROR(AC23/F23,0)>150,"OVERSTOCK","HEALTHY")) -> HEALTHY
A24: SKU023 | B24: Tempered Glass Screen Protector | C24: Screen Protection | D24: =SUM(Sales!$E$266:$E$277) -> 974 | E24: =D24*INDEX('Item Master'!$F$2:$F$51,MATCH($A24,'Item Master'!$A$2:$A$51,0)) -> 77920 | F24: =D24/365 -> 2.6684932 | G24: =MAX(Sales!$E$266:$E$277) -> 108 | H24: =AVERAGE(Sales!$E$266:$E$277) -> 81.166667 | I24: =STDEV(Sales!$E$266:$E$277) -> 10.4345 | J24: =IFERROR(I24/H24,0) -> 0.12855647 | K24: =INDEX('Item Master'!$E$2:$E$51,MATCH($A24,'Item Master'!$A$2:$A$51,0)) -> 14 | L24: =((G24-H24)/30)*K24 -> 12.522222 | M24: =(F24*K24)+L24 -> 49.881126 | N24: =INDEX('Item Master'!$G$2:$G$51,MATCH($A24,'Item Master'!$A$2:$A$51,0)) -> 500 | O24: =INDEX('Item Master'!$H$2:$H$51,MATCH($A24,'Item Master'!$A$2:$A$51,0)) -> 16 | P24: =IFERROR(SQRT((2*D24*N24)/O24),0) -> 246.7286 | Q24: =IFERROR(P24/F24,0) -> 92.459895 | R24: =IFERROR(D24/P24,0) -> 3.9476575 | S24: =Calculations!$E$266 -> 159 | T24: =Calculations!$J$277 -> 197 | U24: =(S24+T24)/2 -> 178 | V24: =U24*INDEX('Item Master'!$F$2:$F$51,MATCH($A24,'Item Master'!$A$2:$A$51,0)) -> 14240 | W24: =IFERROR(E24/V24,0) -> 5.4719101 | X24: =IFERROR(365/W24,0) -> 66.704312 | Y24: =E24 -> 77920 | Z24: =SUMIF($Y$2:$Y$51,">="&Y24,$Y$2:$Y$51)/SUM($Y$2:$Y$51) -> 0.99421847 | AA24: =IF(Z24<=0.8,"A",IF(Z24<=0.95,"B","C")) -> C | AB24: =IF(AA24="A","Weekly",IF(AA24="B","Monthly","Quarterly")) -> Quarterly | AC24: =T24 -> 197 | AD24: =IF(AC24<=M24,"REORDER NOW",IF(IFERROR(AC24/F24,0)>150,"OVERSTOCK","HEALTHY")) -> HEALTHY
A25: SKU024 | B25: Privacy Screen Protector | C25: Screen Protection | D25: =SUM(Sales!$E$278:$E$289) -> 829 | E25: =D25*INDEX('Item Master'!$F$2:$F$51,MATCH($A25,'Item Master'!$A$2:$A$51,0)) -> 124350 | F25: =D25/365 -> 2.2712329 | G25: =MAX(Sales!$E$278:$E$289) -> 108 | H25: =AVERAGE(Sales!$E$278:$E$289) -> 69.083333 | I25: =STDEV(Sales!$E$278:$E$289) -> 13.399175 | J25: =IFERROR(I25/H25,0) -> 0.19395669 | K25: =INDEX('Item Master'!$E$2:$E$51,MATCH($A25,'Item Master'!$A$2:$A$51,0)) -> 10 | L25: =((G25-H25)/30)*K25 -> 12.972222 | M25: =(F25*K25)+L25 -> 35.684551 | N25: =INDEX('Item Master'!$G$2:$G$51,MATCH($A25,'Item Master'!$A$2:$A$51,0)) -> 500 | O25: =INDEX('Item Master'!$H$2:$H$51,MATCH($A25,'Item Master'!$A$2:$A$51,0)) -> 30 | P25: =IFERROR(SQRT((2*D25*N25)/O25),0) -> 166.23277 | Q25: =IFERROR(P25/F25,0) -> 73.190543 | R25: =IFERROR(D25/P25,0) -> 4.9869831 | S25: =Calculations!$E$278 -> 225 | T25: =Calculations!$J$289 -> 298 | U25: =(S25+T25)/2 -> 261.5 | V25: =U25*INDEX('Item Master'!$F$2:$F$51,MATCH($A25,'Item Master'!$A$2:$A$51,0)) -> 39225 | W25: =IFERROR(E25/V25,0) -> 3.1701721 | X25: =IFERROR(365/W25,0) -> 115.13571 | Y25: =E25 -> 124350 | Z25: =SUMIF($Y$2:$Y$51,">="&Y25,$Y$2:$Y$51)/SUM($Y$2:$Y$51) -> 0.98230321 | AA25: =IF(Z25<=0.8,"A",IF(Z25<=0.95,"B","C")) -> C | AB25: =IF(AA25="A","Weekly",IF(AA25="B","Monthly","Quarterly")) -> Quarterly | AC25: =T25 -> 298 | AD25: =IF(AC25<=M25,"REORDER NOW",IF(IFERROR(AC25/F25,0)>150,"OVERSTOCK","HEALTHY")) -> HEALTHY
A26: SKU025 | B26: Camera Lens Protector | C26: Screen Protection | D26: =SUM(Sales!$E$290:$E$301) -> 1540 | E26: =D26*INDEX('Item Master'!$F$2:$F$51,MATCH($A26,'Item Master'!$A$2:$A$51,0)) -> 154000 | F26: =D26/365 -> 4.2191781 | G26: =MAX(Sales!$E$290:$E$301) -> 214 | H26: =AVERAGE(Sales!$E$290:$E$301) -> 128.33333 | I26: =STDEV(Sales!$E$290:$E$301) -> 29.533751 | J26: =IFERROR(I26/H26,0) -> 0.23013312 | K26: =INDEX('Item Master'!$E$2:$E$51,MATCH($A26,'Item Master'!$A$2:$A$51,0)) -> 5 | L26: =((G26-H26)/30)*K26 -> 14.277778 | M26: =(F26*K26)+L26 -> 35.373668 | N26: =INDEX('Item Master'!$G$2:$G$51,MATCH($A26,'Item Master'!$A$2:$A$51,0)) -> 500 | O26: =INDEX('Item Master'!$H$2:$H$51,MATCH($A26,'Item Master'!$A$2:$A$51,0)) -> 20 | P26: =IFERROR(SQRT((2*D26*N26)/O26),0) -> 277.48874 | Q26: =IFERROR(P26/F26,0) -> 65.768435 | R26: =IFERROR(D26/P26,0) -> 5.5497748 | S26: =Calculations!$E$290 -> 341 | T26: =Calculations!$J$301 -> 474 | U26: =(S26+T26)/2 -> 407.5 | V26: =U26*INDEX('Item Master'!$F$2:$F$51,MATCH($A26,'Item Master'!$A$2:$A$51,0)) -> 40750 | W26: =IFERROR(E26/V26,0) -> 3.7791411 | X26: =IFERROR(365/W26,0) -> 96.582792 | Y26: =E26 -> 154000 | Z26: =SUMIF($Y$2:$Y$51,">="&Y26,$Y$2:$Y$51)/SUM($Y$2:$Y$51) -> 0.97466433 | AA26: =IF(Z26<=0.8,"A",IF(Z26<=0.95,"B","C")) -> C | AB26: =IF(AA26="A","Weekly",IF(AA26="B","Monthly","Quarterly")) -> Quarterly | AC26: =T26 -> 474 | AD26: =IF(AC26<=M26,"REORDER NOW",IF(IFERROR(AC26/F26,0)>150,"OVERSTOCK","HEALTHY")) -> HEALTHY
A27: SKU026 | B27: Phone Stand Adjustable | C27: Accessories | D27: =SUM(Sales!$E$302:$E$313) -> 182 | E27: =D27*INDEX('Item Master'!$F$2:$F$51,MATCH($A27,'Item Master'!$A$2:$A$51,0)) -> 21840 | F27: =D27/365 -> 0.49863014 | G27: =MAX(Sales!$E$302:$E$313) -> 23 | H27: =AVERAGE(Sales!$E$302:$E$313) -> 15.166667 | I27: =STDEV(Sales!$E$302:$E$313) -> 3.0100841 | J27: =IFERROR(I27/H27,0) -> 0.19846708 | K27: =INDEX('Item Master'!$E$2:$E$51,MATCH($A27,'Item Master'!$A$2:$A$51,0)) -> 14 | L27: =((G27-H27)/30)*K27 -> 3.6555556 | M27: =(F27*K27)+L27 -> 10.636377 | N27: =INDEX('Item Master'!$G$2:$G$51,MATCH($A27,'Item Master'!$A$2:$A$51,0)) -> 500 | O27: =INDEX('Item Master'!$H$2:$H$51,MATCH($A27,'Item Master'!$A$2:$A$51,0)) -> 24 | P27: =IFERROR(SQRT((2*D27*N27)/O27),0) -> 87.082337 | Q27: =IFERROR(P27/F27,0) -> 174.64315 | R27: =IFERROR(D27/P27,0) -> 2.0899761 | S27: =Calculations!$E$302 -> 111 | T27: =Calculations!$J$313 -> 138 | U27: =(S27+T27)/2 -> 124.5 | V27: =U27*INDEX('Item Master'!$F$2:$F$51,MATCH($A27,'Item Master'!$A$2:$A$51,0)) -> 14940 | W27: =IFERROR(E27/V27,0) -> 1.4618474 | X27: =IFERROR(365/W27,0) -> 249.68407 | Y27: =E27 -> 21840 | Z27: =SUMIF($Y$2:$Y$51,">="&Y27,$Y$2:$Y$51)/SUM($Y$2:$Y$51) -> 0.99961827 | AA27: =IF(Z27<=0.8,"A",IF(Z27<=0.95,"B","C")) -> C | AB27: =IF(AA27="A","Weekly",IF(AA27="B","Monthly","Quarterly")) -> Quarterly | AC27: =T27 -> 138 | AD27: =IF(AC27<=M27,"REORDER NOW",IF(IFERROR(AC27/F27,0)>150,"OVERSTOCK","HEALTHY")) -> OVERSTOCK
A28: SKU027 | B28: Tablet Stand | C28: Accessories | D28: =SUM(Sales!$E$314:$E$325) -> 206 | E28: =D28*INDEX('Item Master'!$F$2:$F$51,MATCH($A28,'Item Master'!$A$2:$A$51,0)) -> 51500 | F28: =D28/365 -> 0.56438356 | G28: =MAX(Sales!$E$314:$E$325) -> 25 | H28: =AVERAGE(Sales!$E$314:$E$325) -> 17.166667 | I28: =STDEV(Sales!$E$314:$E$325) -> 2.9490625 | J28: =IFERROR(I28/H28,0) -> 0.17179005 | K28: =INDEX('Item Master'!$E$2:$E$51,MATCH($A28,'Item Master'!$A$2:$A$51,0)) -> 3 | L28: =((G28-H28)/30)*K28 -> 0.78333333 | M28: =(F28*K28)+L28 -> 2.476484 | N28: =INDEX('Item Master'!$G$2:$G$51,MATCH($A28,'Item Master'!$A$2:$A$51,0)) -> 500 | O28: =INDEX('Item Master'!$H$2:$H$51,MATCH($A28,'Item Master'!$A$2:$A$51,0)) -> 50 | P28: =IFERROR(SQRT((2*D28*N28)/O28),0) -> 64.187226 | Q28: =IFERROR(P28/F28,0) -> 113.72979 | R28: =IFERROR(D28/P28,0) -> 3.2093613 | S28: =Calculations!$E$314 -> 189 | T28: =Calculations!$J$325 -> 209 | U28: =(S28+T28)/2 -> 199 | V28: =U28*INDEX('Item Master'!$F$2:$F$51,MATCH($A28,'Item Master'!$A$2:$A$51,0)) -> 49750 | W28: =IFERROR(E28/V28,0) -> 1.0351759 | X28: =IFERROR(365/W28,0) -> 352.59709 | Y28: =E28 -> 51500 | Z28: =SUMIF($Y$2:$Y$51,">="&Y28,$Y$2:$Y$51)/SUM($Y$2:$Y$51) -> 0.99569438 | AA28: =IF(Z28<=0.8,"A",IF(Z28<=0.95,"B","C")) -> C | AB28: =IF(AA28="A","Weekly",IF(AA28="B","Monthly","Quarterly")) -> Quarterly | AC28: =T28 -> 209 | AD28: =IF(AC28<=M28,"REORDER NOW",IF(IFERROR(AC28/F28,0)>150,"OVERSTOCK","HEALTHY")) -> OVERSTOCK
A29: SKU028 | B29: Car Phone Mount | C29: Accessories | D29: =SUM(Sales!$E$326:$E$337) -> 474 | E29: =D29*INDEX('Item Master'!$F$2:$F$51,MATCH($A29,'Item Master'!$A$2:$A$51,0)) -> 142200 | F29: =D29/365 -> 1.2986301 | G29: =MAX(Sales!$E$326:$E$337) -> 57 | H29: =AVERAGE(Sales!$E$326:$E$337) -> 39.5 | I29: =STDEV(Sales!$E$326:$E$337) -> 6.9478577 | J29: =IFERROR(I29/H29,0) -> 0.17589513 | K29: =INDEX('Item Master'!$E$2:$E$51,MATCH($A29,'Item Master'!$A$2:$A$51,0)) -> 5 | L29: =((G29-H29)/30)*K29 -> 2.9166667 | M29: =(F29*K29)+L29 -> 9.4098174 | N29: =INDEX('Item Master'!$G$2:$G$51,MATCH($A29,'Item Master'!$A$2:$A$51,0)) -> 500 | O29: =INDEX('Item Master'!$H$2:$H$51,MATCH($A29,'Item Master'!$A$2:$A$51,0)) -> 60 | P29: =IFERROR(SQRT((2*D29*N29)/O29),0) -> 88.881944 | Q29: =IFERROR(P29/F29,0) -> 68.442847 | R29: =IFERROR(D29/P29,0) -> 5.3329167 | S29: =Calculations!$E$326 -> 143 | T29: =Calculations!$J$337 -> 170 | U29: =(S29+T29)/2 -> 156.5 | V29: =U29*INDEX('Item Master'!$F$2:$F$51,MATCH($A29,'Item Master'!$A$2:$A$51,0)) -> 46950 | W29: =IFERROR(E29/V29,0) -> 3.028754 | X29: =IFERROR(365/W29,0) -> 120.5116 | Y29: =E29 -> 142200 | Z29: =SUMIF($Y$2:$Y$51,">="&Y29,$Y$2:$Y$51)/SUM($Y$2:$Y$51) -> 0.97873954 | AA29: =IF(Z29<=0.8,"A",IF(Z29<=0.95,"B","C")) -> C | AB29: =IF(AA29="A","Weekly",IF(AA29="B","Monthly","Quarterly")) -> Quarterly | AC29: =T29 -> 170 | AD29: =IF(AC29<=M29,"REORDER NOW",IF(IFERROR(AC29/F29,0)>150,"OVERSTOCK","HEALTHY")) -> HEALTHY
A30: SKU029 | B30: Ring Light with Stand | C30: Accessories | D30: =SUM(Sales!$E$338:$E$349) -> 288 | E30: =D30*INDEX('Item Master'!$F$2:$F$51,MATCH($A30,'Item Master'!$A$2:$A$51,0)) -> 172800 | F30: =D30/365 -> 0.7890411 | G30: =MAX(Sales!$E$338:$E$349) -> 32 | H30: =AVERAGE(Sales!$E$338:$E$349) -> 24 | I30: =STDEV(Sales!$E$338:$E$349) -> 3.2192602 | J30: =IFERROR(I30/H30,0) -> 0.13413584 | K30: =INDEX('Item Master'!$E$2:$E$51,MATCH($A30,'Item Master'!$A$2:$A$51,0)) -> 7 | L30: =((G30-H30)/30)*K30 -> 1.8666667 | M30: =(F30*K30)+L30 -> 7.3899543 | N30: =INDEX('Item Master'!$G$2:$G$51,MATCH($A30,'Item Master'!$A$2:$A$51,0)) -> 500 | O30: =INDEX('Item Master'!$H$2:$H$51,MATCH($A30,'Item Master'!$A$2:$A$51,0)) -> 120 | P30: =IFERROR(SQRT((2*D30*N30)/O30),0) -> 48.989795 | Q30: =IFERROR(P30/F30,0) -> 62.087761 | R30: =IFERROR(D30/P30,0) -> 5.8787754 | S30: =Calculations!$E$338 -> 299 | T30: =Calculations!$J$349 -> 312 | U30: =(S30+T30)/2 -> 305.5 | V30: =U30*INDEX('Item Master'!$F$2:$F$51,MATCH($A30,'Item Master'!$A$2:$A$51,0)) -> 183300 | W30: =IFERROR(E30/V30,0) -> 0.94271686 | X30: =IFERROR(365/W30,0) -> 387.17882 | Y30: =E30 -> 172800 | Z30: =SUMIF($Y$2:$Y$51,">="&Y30,$Y$2:$Y$51)/SUM($Y$2:$Y$51) -> 0.94320954 | AA30: =IF(Z30<=0.8,"A",IF(Z30<=0.95,"B","C")) -> B | AB30: =IF(AA30="A","Weekly",IF(AA30="B","Monthly","Quarterly")) -> Monthly | AC30: =T30 -> 312 | AD30: =IF(AC30<=M30,"REORDER NOW",IF(IFERROR(AC30/F30,0)>150,"OVERSTOCK","HEALTHY")) -> OVERSTOCK
A31: SKU030 | B31: Selfie Stick with Tripod | C31: Accessories | D31: =SUM(Sales!$E$350:$E$361) -> 335 | E31: =D31*INDEX('Item Master'!$F$2:$F$51,MATCH($A31,'Item Master'!$A$2:$A$51,0)) -> 117250 | F31: =D31/365 -> 0.91780822 | G31: =MAX(Sales!$E$350:$E$361) -> 44 | H31: =AVERAGE(Sales!$E$350:$E$361) -> 27.916667 | I31: =STDEV(Sales!$E$350:$E$361) -> 5.7911898 | J31: =IFERROR(I31/H31,0) -> 0.2074456 | K31: =INDEX('Item Master'!$E$2:$E$51,MATCH($A31,'Item Master'!$A$2:$A$51,0)) -> 5 | L31: =((G31-H31)/30)*K31 -> 2.6805556 | M31: =(F31*K31)+L31 -> 7.2695967 | N31: =INDEX('Item Master'!$G$2:$G$51,MATCH($A31,'Item Master'!$A$2:$A$51,0)) -> 500 | O31: =INDEX('Item Master'!$H$2:$H$51,MATCH($A31,'Item Master'!$A$2:$A$51,0)) -> 70 | P31: =IFERROR(SQRT((2*D31*N31)/O31),0) -> 69.178857 | Q31: =IFERROR(P31/F31,0) -> 75.373979 | R31: =IFERROR(D31/P31,0) -> 4.84252 | S31: =Calculations!$E$350 -> 219 | T31: =Calculations!$J$361 -> 243 | U31: =(S31+T31)/2 -> 231 | V31: =U31*INDEX('Item Master'!$F$2:$F$51,MATCH($A31,'Item Master'!$A$2:$A$51,0)) -> 80850 | W31: =IFERROR(E31/V31,0) -> 1.4502165 | X31: =IFERROR(365/W31,0) -> 251.68657 | Y31: =E31 -> 117250 | Z31: =SUMIF($Y$2:$Y$51,">="&Y31,$Y$2:$Y$51)/SUM($Y$2:$Y$51) -> 0.98566339 | AA31: =IF(Z31<=0.8,"A",IF(Z31<=0.95,"B","C")) -> C | AB31: =IF(AA31="A","Weekly",IF(AA31="B","Monthly","Quarterly")) -> Quarterly | AC31: =T31 -> 243 | AD31: =IF(AC31<=M31,"REORDER NOW",IF(IFERROR(AC31/F31,0)>150,"OVERSTOCK","HEALTHY")) -> OVERSTOCK
A32: SKU031 | B32: Bluetooth Keyboard | C32: Peripherals | D32: =SUM(Sales!$E$362:$E$373) -> 350 | E32: =D32*INDEX('Item Master'!$F$2:$F$51,MATCH($A32,'Item Master'!$A$2:$A$51,0)) -> 315000 | F32: =D32/365 -> 0.95890411 | G32: =MAX(Sales!$E$362:$E$373) -> 43 | H32: =AVERAGE(Sales!$E$362:$E$373) -> 29.166667 | I32: =STDEV(Sales!$E$362:$E$373) -> 4.9696046 | J32: =IFERROR(I32/H32,0) -> 0.17038644 | K32: =INDEX('Item Master'!$E$2:$E$51,MATCH($A32,'Item Master'!$A$2:$A$51,0)) -> 10 | L32: =((G32-H32)/30)*K32 -> 4.6111111 | M32: =(F32*K32)+L32 -> 14.200152 | N32: =INDEX('Item Master'!$G$2:$G$51,MATCH($A32,'Item Master'!$A$2:$A$51,0)) -> 500 | O32: =INDEX('Item Master'!$H$2:$H$51,MATCH($A32,'Item Master'!$A$2:$A$51,0)) -> 180 | P32: =IFERROR(SQRT((2*D32*N32)/O32),0) -> 44.095855 | Q32: =IFERROR(P32/F32,0) -> 45.985678 | R32: =IFERROR(D32/P32,0) -> 7.9372539 | S32: =Calculations!$E$362 -> 270 | T32: =Calculations!$J$373 -> 316 | U32: =(S32+T32)/2 -> 293 | V32: =U32*INDEX('Item Master'!$F$2:$F$51,MATCH($A32,'Item Master'!$A$2:$A$51,0)) -> 263700 | W32: =IFERROR(E32/V32,0) -> 1.1945392 | X32: =IFERROR(365/W32,0) -> 305.55714 | Y32: =E32 -> 315000 | Z32: =SUMIF($Y$2:$Y$51,">="&Y32,$Y$2:$Y$51)/SUM($Y$2:$Y$51) -> 0.86247764 | AA32: =IF(Z32<=0.8,"A",IF(Z32<=0.95,"B","C")) -> B | AB32: =IF(AA32="A","Weekly",IF(AA32="B","Monthly","Quarterly")) -> Monthly | AC32: =T32 -> 316 | AD32: =IF(AC32<=M32,"REORDER NOW",IF(IFERROR(AC32/F32,0)>150,"OVERSTOCK","HEALTHY")) -> OVERSTOCK
A33: SKU032 | B33: Wireless Mouse | C33: Peripherals | D33: =SUM(Sales!$E$374:$E$385) -> 310 | E33: =D33*INDEX('Item Master'!$F$2:$F$51,MATCH($A33,'Item Master'!$A$2:$A$51,0)) -> 155000 | F33: =D33/365 -> 0.84931507 | G33: =MAX(Sales!$E$374:$E$385) -> 43 | H33: =AVERAGE(Sales!$E$374:$E$385) -> 25.833333 | I33: =STDEV(Sales!$E$374:$E$385) -> 5.8749597 | J33: =IFERROR(I33/H33,0) -> 0.22741779 | K33: =INDEX('Item Master'!$E$2:$E$51,MATCH($A33,'Item Master'!$A$2:$A$51,0)) -> 5 | L33: =((G33-H33)/30)*K33 -> 2.8611111 | M33: =(F33*K33)+L33 -> 7.1076865 | N33: =INDEX('Item Master'!$G$2:$G$51,MATCH($A33,'Item Master'!$A$2:$A$51,0)) -> 500 | O33: =INDEX('Item Master'!$H$2:$H$51,MATCH($A33,'Item Master'!$A$2:$A$51,0)) -> 100 | P33: =IFERROR(SQRT((2*D33*N33)/O33),0) -> 55.677644 | Q33: =IFERROR(P33/F33,0) -> 65.555935 | R33: =IFERROR(D33/P33,0) -> 5.5677644 | S33: =Calculations!$E$374 -> 283 | T33: =Calculations!$J$385 -> 316 | U33: =(S33+T33)/2 -> 299.5 | V33: =U33*INDEX('Item Master'!$F$2:$F$51,MATCH($A33,'Item Master'!$A$2:$A$51,0)) -> 149750 | W33: =IFERROR(E33/V33,0) -> 1.0350584 | X33: =IFERROR(365/W33,0) -> 352.6371 | Y33: =E33 -> 155000 | Z33: =SUMIF($Y$2:$Y$51,">="&Y33,$Y$2:$Y$51)/SUM($Y$2:$Y$51) -> 0.96581121 | AA33: =IF(Z33<=0.8,"A",IF(Z33<=0.95,"B","C")) -> C | AB33: =IF(AA33="A","Weekly",IF(AA33="B","Monthly","Quarterly")) -> Quarterly | AC33: =T33 -> 316 | AD33: =IF(AC33<=M33,"REORDER NOW",IF(IFERROR(AC33/F33,0)>150,"OVERSTOCK","HEALTHY")) -> OVERSTOCK
A34: SKU033 | B34: USB Hub 4-Port | C34: Peripherals | D34: =SUM(Sales!$E$386:$E$397) -> 396 | E34: =D34*INDEX('Item Master'!$F$2:$F$51,MATCH($A34,'Item Master'!$A$2:$A$51,0)) -> 158400 | F34: =D34/365 -> 1.0849315 | G34: =MAX(Sales!$E$386:$E$397) -> 47 | H34: =AVERAGE(Sales!$E$386:$E$397) -> 33 | I34: =STDEV(Sales!$E$386:$E$397) -> 5.0452498 | J34: =IFERROR(I34/H34,0) -> 0.15288636 | K34: =INDEX('Item Master'!$E$2:$E$51,MATCH($A34,'Item Master'!$A$2:$A$51,0)) -> 7 | L34: =((G34-H34)/30)*K34 -> 3.2666667 | M34: =(F34*K34)+L34 -> 10.861187 | N34: =INDEX('Item Master'!$G$2:$G$51,MATCH($A34,'Item Master'!$A$2:$A$51,0)) -> 500 | O34: =INDEX('Item Master'!$H$2:$H$51,MATCH($A34,'Item Master'!$A$2:$A$51,0)) -> 80 | P34: =IFERROR(SQRT((2*D34*N34)/O34),0) -> 70.356236 | Q34: =IFERROR(P34/F34,0) -> 64.848551 | R34: =IFERROR(D34/P34,0) -> 5.6284989 | S34: =Calculations!$E$386 -> 396 | T34: =Calculations!$J$397 -> 432 | U34: =(S34+T34)/2 -> 414 | V34: =U34*INDEX('Item Master'!$F$2:$F$51,MATCH($A34,'Item Master'!$A$2:$A$51,0)) -> 165600 | W34: =IFERROR(E34/V34,0) -> 0.95652174 | X34: =IFERROR(365/W34,0) -> 381.59091 | Y34: =E34 -> 158400 | Z34: =SUMIF($Y$2:$Y$51,">="&Y34,$Y$2:$Y$51)/SUM($Y$2:$Y$51) -> 0.95235728 | AA34: =IF(Z34<=0.8,"A",IF(Z34<=0.95,"B","C")) -> C | AB34: =IF(AA34="A","Weekly",IF(AA34="B","Monthly","Quarterly")) -> Quarterly | AC34: =T34 -> 432 | AD34: =IF(AC34<=M34,"REORDER NOW",IF(IFERROR(AC34/F34,0)>150,"OVERSTOCK","HEALTHY")) -> OVERSTOCK
A35: SKU034 | B35: Laptop Cooling Pad | C35: Peripherals | D35: =SUM(Sales!$E$398:$E$409) -> 300 | E35: =D35*INDEX('Item Master'!$F$2:$F$51,MATCH($A35,'Item Master'!$A$2:$A$51,0)) -> 240000 | F35: =D35/365 -> 0.82191781 | G35: =MAX(Sales!$E$398:$E$409) -> 41 | H35: =AVERAGE(Sales!$E$398:$E$409) -> 25 | I35: =STDEV(Sales!$E$398:$E$409) -> 5.2915026 | J35: =IFERROR(I35/H35,0) -> 0.2116601 | K35: =INDEX('Item Master'!$E$2:$E$51,MATCH($A35,'Item Master'!$A$2:$A$51,0)) -> 5 | L35: =((G35-H35)/30)*K35 -> 2.6666667 | M35: =(F35*K35)+L35 -> 6.7762557 | N35: =INDEX('Item Master'!$G$2:$G$51,MATCH($A35,'Item Master'!$A$2:$A$51,0)) -> 500 | O35: =INDEX('Item Master'!$H$2:$H$51,MATCH($A35,'Item Master'!$A$2:$A$51,0)) -> 160 | P35: =IFERROR(SQRT((2*D35*N35)/O35),0) -> 43.30127 | Q35: =IFERROR(P35/F35,0) -> 52.683212 | R35: =IFERROR(D35/P35,0) -> 6.9282032 | S35: =Calculations!$E$398 -> 333 | T35: =Calculations!$J$409 -> 362 | U35: =(S35+T35)/2 -> 347.5 | V35: =U35*INDEX('Item Master'!$F$2:$F$51,MATCH($A35,'Item Master'!$A$2:$A$51,0)) -> 278000 | W35: =IFERROR(E35/V35,0) -> 0.86330935 | X35: =IFERROR(365/W35,0) -> 422.79167 | Y35: =E35 -> 240000 | Z35: =SUMIF($Y$2:$Y$51,">="&Y35,$Y$2:$Y$51)/SUM($Y$2:$Y$51) -> 0.89386566 | AA35: =IF(Z35<=0.8,"A",IF(Z35<=0.95,"B","C")) -> B | AB35: =IF(AA35="A","Weekly",IF(AA35="B","Monthly","Quarterly")) -> Monthly | AC35: =T35 -> 362 | AD35: =IF(AC35<=M35,"REORDER NOW",IF(IFERROR(AC35/F35,0)>150,"OVERSTOCK","HEALTHY")) -> OVERSTOCK
A36: SKU035 | B36: Webcam 1080p | C36: Peripherals | D36: =SUM(Sales!$E$410:$E$421) -> 80 | E36: =D36*INDEX('Item Master'!$F$2:$F$51,MATCH($A36,'Item Master'!$A$2:$A$51,0)) -> 112000 | F36: =D36/365 -> 0.21917808 | G36: =MAX(Sales!$E$410:$E$421) -> 11 | H36: =AVERAGE(Sales!$E$410:$E$421) -> 6.6666667 | I36: =STDEV(Sales!$E$410:$E$421) -> 1.4354811 | J36: =IFERROR(I36/H36,0) -> 0.21532217 | K36: =INDEX('Item Master'!$E$2:$E$51,MATCH($A36,'Item Master'!$A$2:$A$51,0)) -> 10 | L36: =((G36-H36)/30)*K36 -> 1.4444444 | M36: =(F36*K36)+L36 -> 3.6362253 | N36: =INDEX('Item Master'!$G$2:$G$51,MATCH($A36,'Item Master'!$A$2:$A$51,0)) -> 500 | O36: =INDEX('Item Master'!$H$2:$H$51,MATCH($A36,'Item Master'!$A$2:$A$51,0)) -> 280 | P36: =IFERROR(SQRT((2*D36*N36)/O36),0) -> 16.903085 | Q36: =IFERROR(P36/F36,0) -> 77.120326 | R36: =IFERROR(D36/P36,0) -> 4.7328638 | S36: =Calculations!$E$410 -> 268 | T36: =Calculations!$J$421 -> 278 | U36: =(S36+T36)/2 -> 273 | V36: =U36*INDEX('Item Master'!$F$2:$F$51,MATCH($A36,'Item Master'!$A$2:$A$51,0)) -> 382200 | W36: =IFERROR(E36/V36,0) -> 0.29304029 | X36: =IFERROR(365/W36,0) -> 1245.5625 | Y36: =E36 -> 112000 | Z36: =SUMIF($Y$2:$Y$51,">="&Y36,$Y$2:$Y$51)/SUM($Y$2:$Y$51) -> 0.98887312 | AA36: =IF(Z36<=0.8,"A",IF(Z36<=0.95,"B","C")) -> C | AB36: =IF(AA36="A","Weekly",IF(AA36="B","Monthly","Quarterly")) -> Quarterly | AC36: =T36 -> 278 | AD36: =IF(AC36<=M36,"REORDER NOW",IF(IFERROR(AC36/F36,0)>150,"OVERSTOCK","HEALTHY")) -> OVERSTOCK
A37: SKU036 | B37: Smartwatch Band - Silicone | C37: Wearable Accessories | D37: =SUM(Sales!$E$422:$E$433) -> 213 | E37: =D37*INDEX('Item Master'!$F$2:$F$51,MATCH($A37,'Item Master'!$A$2:$A$51,0)) -> 42600 | F37: =D37/365 -> 0.58356164 | G37: =MAX(Sales!$E$422:$E$433) -> 25 | H37: =AVERAGE(Sales!$E$422:$E$433) -> 17.75 | I37: =STDEV(Sales!$E$422:$E$433) -> 2.6328346 | J37: =IFERROR(I37/H37,0) -> 0.14832871 | K37: =INDEX('Item Master'!$E$2:$E$51,MATCH($A37,'Item Master'!$A$2:$A$51,0)) -> 10 | L37: =((G37-H37)/30)*K37 -> 2.4166667 | M37: =(F37*K37)+L37 -> 8.2522831 | N37: =INDEX('Item Master'!$G$2:$G$51,MATCH($A37,'Item Master'!$A$2:$A$51,0)) -> 500 | O37: =INDEX('Item Master'!$H$2:$H$51,MATCH($A37,'Item Master'!$A$2:$A$51,0)) -> 40 | P37: =IFERROR(SQRT((2*D37*N37)/O37),0) -> 72.972598 | Q37: =IFERROR(P37/F37,0) -> 125.04694 | R37: =IFERROR(D37/P37,0) -> 2.9189039 | S37: =Calculations!$E$422 -> 206 | T37: =Calculations!$J$433 -> 228 | U37: =(S37+T37)/2 -> 217 | V37: =U37*INDEX('Item Master'!$F$2:$F$51,MATCH($A37,'Item Master'!$A$2:$A$51,0)) -> 43400 | W37: =IFERROR(E37/V37,0) -> 0.98156682 | X37: =IFERROR(365/W37,0) -> 371.85446 | Y37: =E37 -> 42600 | Z37: =SUMIF($Y$2:$Y$51,">="&Y37,$Y$2:$Y$51)/SUM($Y$2:$Y$51) -> 0.99691522 | AA37: =IF(Z37<=0.8,"A",IF(Z37<=0.95,"B","C")) -> C | AB37: =IF(AA37="A","Weekly",IF(AA37="B","Monthly","Quarterly")) -> Quarterly | AC37: =T37 -> 228 | AD37: =IF(AC37<=M37,"REORDER NOW",IF(IFERROR(AC37/F37,0)>150,"OVERSTOCK","HEALTHY")) -> OVERSTOCK
A38: SKU037 | B38: Smartwatch Band - Metal | C38: Wearable Accessories | D38: =SUM(Sales!$E$434:$E$445) -> 464 | E38: =D38*INDEX('Item Master'!$F$2:$F$51,MATCH($A38,'Item Master'!$A$2:$A$51,0)) -> 232000 | F38: =D38/365 -> 1.2712329 | G38: =MAX(Sales!$E$434:$E$445) -> 58 | H38: =AVERAGE(Sales!$E$434:$E$445) -> 38.666667 | I38: =STDEV(Sales!$E$434:$E$445) -> 6.4713822 | J38: =IFERROR(I38/H38,0) -> 0.16736333 | K38: =INDEX('Item Master'!$E$2:$E$51,MATCH($A38,'Item Master'!$A$2:$A$51,0)) -> 10 | L38: =((G38-H38)/30)*K38 -> 6.4444444 | M38: =(F38*K38)+L38 -> 19.156773 | N38: =INDEX('Item Master'!$G$2:$G$51,MATCH($A38,'Item Master'!$A$2:$A$51,0)) -> 500 | O38: =INDEX('Item Master'!$H$2:$H$51,MATCH($A38,'Item Master'!$A$2:$A$51,0)) -> 100 | P38: =IFERROR(SQRT((2*D38*N38)/O38),0) -> 68.117545 | Q38: =IFERROR(P38/F38,0) -> 53.583845 | R38: =IFERROR(D38/P38,0) -> 6.8117545 | S38: =Calculations!$E$434 -> 182 | T38: =Calculations!$J$445 -> 230 | U38: =(S38+T38)/2 -> 206 | V38: =U38*INDEX('Item Master'!$F$2:$F$51,MATCH($A38,'Item Master'!$A$2:$A$51,0)) -> 103000 | W38: =IFERROR(E38/V38,0) -> 2.2524272 | X38: =IFERROR(365/W38,0) -> 162.04741 | Y38: =E38 -> 232000 | Z38: =SUMIF($Y$2:$Y$51,">="&Y38,$Y$2:$Y$51)/SUM($Y$2:$Y$51) -> 0.91396087 | AA38: =IF(Z38<=0.8,"A",IF(Z38<=0.95,"B","C")) -> B | AB38: =IF(AA38="A","Weekly",IF(AA38="B","Monthly","Quarterly")) -> Monthly | AC38: =T38 -> 230 | AD38: =IF(AC38<=M38,"REORDER NOW",IF(IFERROR(AC38/F38,0)>150,"OVERSTOCK","HEALTHY")) -> OVERSTOCK
A39: SKU038 | B39: Smartwatch Screen Protector | C39: Wearable Accessories | D39: =SUM(Sales!$E$446:$E$457) -> 148 | E39: =D39*INDEX('Item Master'!$F$2:$F$51,MATCH($A39,'Item Master'!$A$2:$A$51,0)) -> 13320 | F39: =D39/365 -> 0.40547945 | G39: =MAX(Sales!$E$446:$E$457) -> 19 | H39: =AVERAGE(Sales!$E$446:$E$457) -> 12.333333 | I39: =STDEV(Sales!$E$446:$E$457) -> 2.348436 | J39: =IFERROR(I39/H39,0) -> 0.19041373 | K39: =INDEX('Item Master'!$E$2:$E$51,MATCH($A39,'Item Master'!$A$2:$A$51,0)) -> 10 | L39: =((G39-H39)/30)*K39 -> 2.2222222 | M39: =(F39*K39)+L39 -> 6.2770167 | N39: =INDEX('Item Master'!$G$2:$G$51,MATCH($A39,'Item Master'!$A$2:$A$51,0)) -> 500 | O39: =INDEX('Item Master'!$H$2:$H$51,MATCH($A39,'Item Master'!$A$2:$A$51,0)) -> 18 | P39: =IFERROR(SQRT((2*D39*N39)/O39),0) -> 90.67647 | Q39: =IFERROR(P39/F39,0) -> 223.62778 | R39: =IFERROR(D39/P39,0) -> 1.6321765 | S39: =Calculations!$E$446 -> 174 | T39: =Calculations!$J$457 -> 199 | U39: =(S39+T39)/2 -> 186.5 | V39: =U39*INDEX('Item Master'!$F$2:$F$51,MATCH($A39,'Item Master'!$A$2:$A$51,0)) -> 16785 | W39: =IFERROR(E39/V39,0) -> 0.79356568 | X39: =IFERROR(365/W39,0) -> 459.94932 | Y39: =E39 -> 13320 | Z39: =SUMIF($Y$2:$Y$51,">="&Y39,$Y$2:$Y$51)/SUM($Y$2:$Y$51) -> 1 | AA39: =IF(Z39<=0.8,"A",IF(Z39<=0.95,"B","C")) -> C | AB39: =IF(AA39="A","Weekly",IF(AA39="B","Monthly","Quarterly")) -> Quarterly | AC39: =T39 -> 199 | AD39: =IF(AC39<=M39,"REORDER NOW",IF(IFERROR(AC39/F39,0)>150,"OVERSTOCK","HEALTHY")) -> OVERSTOCK
A40: SKU039 | B40: Fitness Tracker Basic | C40: Wearables | D40: =SUM(Sales!$E$458:$E$469) -> 317 | E40: =D40*INDEX('Item Master'!$F$2:$F$51,MATCH($A40,'Item Master'!$A$2:$A$51,0)) -> 380400 | F40: =D40/365 -> 0.86849315 | G40: =MAX(Sales!$E$458:$E$469) -> 35 | H40: =AVERAGE(Sales!$E$458:$E$469) -> 26.416667 | I40: =STDEV(Sales!$E$458:$E$469) -> 3.800917 | J40: =IFERROR(I40/H40,0) -> 0.14388329 | K40: =INDEX('Item Master'!$E$2:$E$51,MATCH($A40,'Item Master'!$A$2:$A$51,0)) -> 7 | L40: =((G40-H40)/30)*K40 -> 2.0027778 | M40: =(F40*K40)+L40 -> 8.0822298 | N40: =INDEX('Item Master'!$G$2:$G$51,MATCH($A40,'Item Master'!$A$2:$A$51,0)) -> 500 | O40: =INDEX('Item Master'!$H$2:$H$51,MATCH($A40,'Item Master'!$A$2:$A$51,0)) -> 240 | P40: =IFERROR(SQRT((2*D40*N40)/O40),0) -> 36.343271 | Q40: =IFERROR(P40/F40,0) -> 41.846353 | R40: =IFERROR(D40/P40,0) -> 8.722385 | S40: =Calculations!$E$458 -> 346 | T40: =Calculations!$J$469 -> 376 | U40: =(S40+T40)/2 -> 361 | V40: =U40*INDEX('Item Master'!$F$2:$F$51,MATCH($A40,'Item Master'!$A$2:$A$51,0)) -> 433200 | W40: =IFERROR(E40/V40,0) -> 0.87811634 | X40: =IFERROR(365/W40,0) -> 415.66246 | Y40: =E40 -> 380400 | Z40: =SUMIF($Y$2:$Y$51,">="&Y40,$Y$2:$Y$51)/SUM($Y$2:$Y$51) -> 0.80209744 | AA40: =IF(Z40<=0.8,"A",IF(Z40<=0.95,"B","C")) -> B | AB40: =IF(AA40="A","Weekly",IF(AA40="B","Monthly","Quarterly")) -> Monthly | AC40: =T40 -> 376 | AD40: =IF(AC40<=M40,"REORDER NOW",IF(IFERROR(AC40/F40,0)>150,"OVERSTOCK","HEALTHY")) -> OVERSTOCK
A41: SKU040 | B41: Smartwatch Entry Model | C41: Wearables | D41: =SUM(Sales!$E$470:$E$481) -> 434 | E41: =D41*INDEX('Item Master'!$F$2:$F$51,MATCH($A41,'Item Master'!$A$2:$A$51,0)) -> 1215200 | F41: =D41/365 -> 1.1890411 | G41: =MAX(Sales!$E$470:$E$481) -> 55 | H41: =AVERAGE(Sales!$E$470:$E$481) -> 36.166667 | I41: =STDEV(Sales!$E$470:$E$481) -> 7.0043277 | J41: =IFERROR(I41/H41,0) -> 0.19366805 | K41: =INDEX('Item Master'!$E$2:$E$51,MATCH($A41,'Item Master'!$A$2:$A$51,0)) -> 3 | L41: =((G41-H41)/30)*K41 -> 1.8833333 | M41: =(F41*K41)+L41 -> 5.4504566 | N41: =INDEX('Item Master'!$G$2:$G$51,MATCH($A41,'Item Master'!$A$2:$A$51,0)) -> 500 | O41: =INDEX('Item Master'!$H$2:$H$51,MATCH($A41,'Item Master'!$A$2:$A$51,0)) -> 560 | P41: =IFERROR(SQRT((2*D41*N41)/O41),0) -> 27.838822 | Q41: =IFERROR(P41/F41,0) -> 23.412834 | R41: =IFERROR(D41/P41,0) -> 15.58974 | S41: =Calculations!$E$470 -> 358 | T41: =Calculations!$J$481 -> 386 | U41: =(S41+T41)/2 -> 372 | V41: =U41*INDEX('Item Master'!$F$2:$F$51,MATCH($A41,'Item Master'!$A$2:$A$51,0)) -> 1041600 | W41: =IFERROR(E41/V41,0) -> 1.1666667 | X41: =IFERROR(365/W41,0) -> 312.85714 | Y41: =E41 -> 1215200 | Z41: =SUMIF($Y$2:$Y$51,">="&Y41,$Y$2:$Y$51)/SUM($Y$2:$Y$51) -> 0.71020457 | AA41: =IF(Z41<=0.8,"A",IF(Z41<=0.95,"B","C")) -> A | AB41: =IF(AA41="A","Weekly",IF(AA41="B","Monthly","Quarterly")) -> Weekly | AC41: =T41 -> 386 | AD41: =IF(AC41<=M41,"REORDER NOW",IF(IFERROR(AC41/F41,0)>150,"OVERSTOCK","HEALTHY")) -> OVERSTOCK
A42: SKU041 | B42: Memory Card 64GB | C42: Storage | D42: =SUM(Sales!$E$482:$E$493) -> 483 | E42: =D42*INDEX('Item Master'!$F$2:$F$51,MATCH($A42,'Item Master'!$A$2:$A$51,0)) -> 217350 | F42: =D42/365 -> 1.3232877 | G42: =MAX(Sales!$E$482:$E$493) -> 55 | H42: =AVERAGE(Sales!$E$482:$E$493) -> 40.25 | I42: =STDEV(Sales!$E$482:$E$493) -> 6.1070005 | J42: =IFERROR(I42/H42,0) -> 0.15172672 | K42: =INDEX('Item Master'!$E$2:$E$51,MATCH($A42,'Item Master'!$A$2:$A$51,0)) -> 10 | L42: =((G42-H42)/30)*K42 -> 4.9166667 | M42: =(F42*K42)+L42 -> 18.149543 | N42: =INDEX('Item Master'!$G$2:$G$51,MATCH($A42,'Item Master'!$A$2:$A$51,0)) -> 500 | O42: =INDEX('Item Master'!$H$2:$H$51,MATCH($A42,'Item Master'!$A$2:$A$51,0)) -> 90 | P42: =IFERROR(SQRT((2*D42*N42)/O42),0) -> 73.257537 | Q42: =IFERROR(P42/F42,0) -> 55.36025 | R42: =IFERROR(D42/P42,0) -> 6.5931783 | S42: =Calculations!$E$482 -> 243 | T42: =Calculations!$J$493 -> 292 | U42: =(S42+T42)/2 -> 267.5 | V42: =U42*INDEX('Item Master'!$F$2:$F$51,MATCH($A42,'Item Master'!$A$2:$A$51,0)) -> 120375 | W42: =IFERROR(E42/V42,0) -> 1.8056075 | X42: =IFERROR(365/W42,0) -> 202.14803 | Y42: =E42 -> 217350 | Z42: =SUMIF($Y$2:$Y$51,">="&Y42,$Y$2:$Y$51)/SUM($Y$2:$Y$51) -> 0.92018975 | AA42: =IF(Z42<=0.8,"A",IF(Z42<=0.95,"B","C")) -> B | AB42: =IF(AA42="A","Weekly",IF(AA42="B","Monthly","Quarterly")) -> Monthly | AC42: =T42 -> 292 | AD42: =IF(AC42<=M42,"REORDER NOW",IF(IFERROR(AC42/F42,0)>150,"OVERSTOCK","HEALTHY")) -> OVERSTOCK
A43: SKU042 | B43: Memory Card 128GB | C43: Storage | D43: =SUM(Sales!$E$494:$E$505) -> 311 | E43: =D43*INDEX('Item Master'!$F$2:$F$51,MATCH($A43,'Item Master'!$A$2:$A$51,0)) -> 233250 | F43: =D43/365 -> 0.85205479 | G43: =MAX(Sales!$E$494:$E$505) -> 44 | H43: =AVERAGE(Sales!$E$494:$E$505) -> 25.916667 | I43: =STDEV(Sales!$E$494:$E$505) -> 6.1564206 | J43: =IFERROR(I43/H43,0) -> 0.23754678 | K43: =INDEX('Item Master'!$E$2:$E$51,MATCH($A43,'Item Master'!$A$2:$A$51,0)) -> 3 | L43: =((G43-H43)/30)*K43 -> 1.8083333 | M43: =(F43*K43)+L43 -> 4.3644977 | N43: =INDEX('Item Master'!$G$2:$G$51,MATCH($A43,'Item Master'!$A$2:$A$51,0)) -> 500 | O43: =INDEX('Item Master'!$H$2:$H$51,MATCH($A43,'Item Master'!$A$2:$A$51,0)) -> 150 | P43: =IFERROR(SQRT((2*D43*N43)/O43),0) -> 45.53387 | Q43: =IFERROR(P43/F43,0) -> 53.440073 | R43: =IFERROR(D43/P43,0) -> 6.8300805 | S43: =Calculations!$E$494 -> 213 | T43: =Calculations!$J$505 -> 240 | U43: =(S43+T43)/2 -> 226.5 | V43: =U43*INDEX('Item Master'!$F$2:$F$51,MATCH($A43,'Item Master'!$A$2:$A$51,0)) -> 169875 | W43: =IFERROR(E43/V43,0) -> 1.3730684 | X43: =IFERROR(365/W43,0) -> 265.82797 | Y43: =E43 -> 233250 | Z43: =SUMIF($Y$2:$Y$51,">="&Y43,$Y$2:$Y$51)/SUM($Y$2:$Y$51) -> 0.90731214 | AA43: =IF(Z43<=0.8,"A",IF(Z43<=0.95,"B","C")) -> B | AB43: =IF(AA43="A","Weekly",IF(AA43="B","Monthly","Quarterly")) -> Monthly | AC43: =T43 -> 240 | AD43: =IF(AC43<=M43,"REORDER NOW",IF(IFERROR(AC43/F43,0)>150,"OVERSTOCK","HEALTHY")) -> OVERSTOCK
A44: SKU043 | B44: Pen Drive 32GB | C44: Storage | D44: =SUM(Sales!$E$506:$E$517) -> 362 | E44: =D44*INDEX('Item Master'!$F$2:$F$51,MATCH($A44,'Item Master'!$A$2:$A$51,0)) -> 108600 | F44: =D44/365 -> 0.99178082 | G44: =MAX(Sales!$E$506:$E$517) -> 46 | H44: =AVERAGE(Sales!$E$506:$E$517) -> 30.166667 | I44: =STDEV(Sales!$E$506:$E$517) -> 5.4411452 | J44: =IFERROR(I44/H44,0) -> 0.18036945 | K44: =INDEX('Item Master'!$E$2:$E$51,MATCH($A44,'Item Master'!$A$2:$A$51,0)) -> 10 | L44: =((G44-H44)/30)*K44 -> 5.2777778 | M44: =(F44*K44)+L44 -> 15.195586 | N44: =INDEX('Item Master'!$G$2:$G$51,MATCH($A44,'Item Master'!$A$2:$A$51,0)) -> 500 | O44: =INDEX('Item Master'!$H$2:$H$51,MATCH($A44,'Item Master'!$A$2:$A$51,0)) -> 60 | P44: =IFERROR(SQRT((2*D44*N44)/O44),0) -> 77.674535 | Q44: =IFERROR(P44/F44,0) -> 78.318246 | R44: =IFERROR(D44/P44,0) -> 4.6604721 | S44: =Calculations!$E$506 -> 110 | T44: =Calculations!$J$517 -> 135 | U44: =(S44+T44)/2 -> 122.5 | V44: =U44*INDEX('Item Master'!$F$2:$F$51,MATCH($A44,'Item Master'!$A$2:$A$51,0)) -> 36750 | W44: =IFERROR(E44/V44,0) -> 2.955102 | X44: =IFERROR(365/W44,0) -> 123.51519 | Y44: =E44 -> 108600 | Z44: =SUMIF($Y$2:$Y$51,">="&Y44,$Y$2:$Y$51)/SUM($Y$2:$Y$51) -> 0.99198542 | AA44: =IF(Z44<=0.8,"A",IF(Z44<=0.95,"B","C")) -> C | AB44: =IF(AA44="A","Weekly",IF(AA44="B","Monthly","Quarterly")) -> Quarterly | AC44: =T44 -> 135 | AD44: =IF(AC44<=M44,"REORDER NOW",IF(IFERROR(AC44/F44,0)>150,"OVERSTOCK","HEALTHY")) -> HEALTHY
A45: SKU044 | B45: Pen Drive 64GB | C45: Storage | D45: =SUM(Sales!$E$518:$E$529) -> 464 | E45: =D45*INDEX('Item Master'!$F$2:$F$51,MATCH($A45,'Item Master'!$A$2:$A$51,0)) -> 208800 | F45: =D45/365 -> 1.2712329 | G45: =MAX(Sales!$E$518:$E$529) -> 64 | H45: =AVERAGE(Sales!$E$518:$E$529) -> 38.666667 | I45: =STDEV(Sales!$E$518:$E$529) -> 8.4781359 | J45: =IFERROR(I45/H45,0) -> 0.21926213 | K45: =INDEX('Item Master'!$E$2:$E$51,MATCH($A45,'Item Master'!$A$2:$A$51,0)) -> 7 | L45: =((G45-H45)/30)*K45 -> 5.9111111 | M45: =(F45*K45)+L45 -> 14.809741 | N45: =INDEX('Item Master'!$G$2:$G$51,MATCH($A45,'Item Master'!$A$2:$A$51,0)) -> 500 | O45: =INDEX('Item Master'!$H$2:$H$51,MATCH($A45,'Item Master'!$A$2:$A$51,0)) -> 90 | P45: =IFERROR(SQRT((2*D45*N45)/O45),0) -> 71.802197 | Q45: =IFERROR(P45/F45,0) -> 56.482332 | R45: =IFERROR(D45/P45,0) -> 6.4621978 | S45: =Calculations!$E$518 -> 218 | T45: =Calculations!$J$529 -> 259 | U45: =(S45+T45)/2 -> 238.5 | V45: =U45*INDEX('Item Master'!$F$2:$F$51,MATCH($A45,'Item Master'!$A$2:$A$51,0)) -> 107325 | W45: =IFERROR(E45/V45,0) -> 1.9454927 | X45: =IFERROR(365/W45,0) -> 187.61315 | Y45: =E45 -> 208800 | Z45: =SUMIF($Y$2:$Y$51,">="&Y45,$Y$2:$Y$51)/SUM($Y$2:$Y$51) -> 0.93234231 | AA45: =IF(Z45<=0.8,"A",IF(Z45<=0.95,"B","C")) -> B | AB45: =IF(AA45="A","Weekly",IF(AA45="B","Monthly","Quarterly")) -> Monthly | AC45: =T45 -> 259 | AD45: =IF(AC45<=M45,"REORDER NOW",IF(IFERROR(AC45/F45,0)>150,"OVERSTOCK","HEALTHY")) -> OVERSTOCK
A46: SKU045 | B46: External SSD 500GB | C46: Storage | D46: =SUM(Sales!$E$530:$E$541) -> 348 | E46: =D46*INDEX('Item Master'!$F$2:$F$51,MATCH($A46,'Item Master'!$A$2:$A$51,0)) -> 1113600 | F46: =D46/365 -> 0.95342466 | G46: =MAX(Sales!$E$530:$E$541) -> 43 | H46: =AVERAGE(Sales!$E$530:$E$541) -> 29 | I46: =STDEV(Sales!$E$530:$E$541) -> 4.8241815 | J46: =IFERROR(I46/H46,0) -> 0.16635109 | K46: =INDEX('Item Master'!$E$2:$E$51,MATCH($A46,'Item Master'!$A$2:$A$51,0)) -> 7 | L46: =((G46-H46)/30)*K46 -> 3.2666667 | M46: =(F46*K46)+L46 -> 9.9406393 | N46: =INDEX('Item Master'!$G$2:$G$51,MATCH($A46,'Item Master'!$A$2:$A$51,0)) -> 500 | O46: =INDEX('Item Master'!$H$2:$H$51,MATCH($A46,'Item Master'!$A$2:$A$51,0)) -> 640 | P46: =IFERROR(SQRT((2*D46*N46)/O46),0) -> 23.318448 | Q46: =IFERROR(P46/F46,0) -> 24.457567 | R46: =IFERROR(D46/P46,0) -> 14.923806 | S46: =Calculations!$E$530 -> 158 | T46: =Calculations!$J$541 -> 196 | U46: =(S46+T46)/2 -> 177 | V46: =U46*INDEX('Item Master'!$F$2:$F$51,MATCH($A46,'Item Master'!$A$2:$A$51,0)) -> 566400 | W46: =IFERROR(E46/V46,0) -> 1.9661017 | X46: =IFERROR(365/W46,0) -> 185.64655 | Y46: =E46 -> 1113600 | Z46: =SUMIF($Y$2:$Y$51,">="&Y46,$Y$2:$Y$51)/SUM($Y$2:$Y$51) -> 0.74211846 | AA46: =IF(Z46<=0.8,"A",IF(Z46<=0.95,"B","C")) -> A | AB46: =IF(AA46="A","Weekly",IF(AA46="B","Monthly","Quarterly")) -> Weekly | AC46: =T46 -> 196 | AD46: =IF(AC46<=M46,"REORDER NOW",IF(IFERROR(AC46/F46,0)>150,"OVERSTOCK","HEALTHY")) -> OVERSTOCK
A47: SKU046 | B47: Gaming Controller Wired | C47: Gaming | D47: =SUM(Sales!$E$542:$E$553) -> 174 | E47: =D47*INDEX('Item Master'!$F$2:$F$51,MATCH($A47,'Item Master'!$A$2:$A$51,0)) -> 156600 | F47: =D47/365 -> 0.47671233 | G47: =MAX(Sales!$E$542:$E$553) -> 24 | H47: =AVERAGE(Sales!$E$542:$E$553) -> 14.5 | I47: =STDEV(Sales!$E$542:$E$553) -> 3.3439226 | J47: =IFERROR(I47/H47,0) -> 0.23061535 | K47: =INDEX('Item Master'!$E$2:$E$51,MATCH($A47,'Item Master'!$A$2:$A$51,0)) -> 14 | L47: =((G47-H47)/30)*K47 -> 4.4333333 | M47: =(F47*K47)+L47 -> 11.107306 | N47: =INDEX('Item Master'!$G$2:$G$51,MATCH($A47,'Item Master'!$A$2:$A$51,0)) -> 500 | O47: =INDEX('Item Master'!$H$2:$H$51,MATCH($A47,'Item Master'!$A$2:$A$51,0)) -> 180 | P47: =IFERROR(SQRT((2*D47*N47)/O47),0) -> 31.091264 | Q47: =IFERROR(P47/F47,0) -> 65.220179 | R47: =IFERROR(D47/P47,0) -> 5.5964274 | S47: =Calculations!$E$542 -> 233 | T47: =Calculations!$J$553 -> 261 | U47: =(S47+T47)/2 -> 247 | V47: =U47*INDEX('Item Master'!$F$2:$F$51,MATCH($A47,'Item Master'!$A$2:$A$51,0)) -> 222300 | W47: =IFERROR(E47/V47,0) -> 0.70445344 | X47: =IFERROR(365/W47,0) -> 518.13218 | Y47: =E47 -> 156600 | Z47: =SUMIF($Y$2:$Y$51,">="&Y47,$Y$2:$Y$51)/SUM($Y$2:$Y$51) -> 0.96136917 | AA47: =IF(Z47<=0.8,"A",IF(Z47<=0.95,"B","C")) -> C | AB47: =IF(AA47="A","Weekly",IF(AA47="B","Monthly","Quarterly")) -> Quarterly | AC47: =T47 -> 261 | AD47: =IF(AC47<=M47,"REORDER NOW",IF(IFERROR(AC47/F47,0)>150,"OVERSTOCK","HEALTHY")) -> OVERSTOCK
A48: SKU047 | B48: Gaming Controller Wireless | C48: Gaming | D48: =SUM(Sales!$E$554:$E$565) -> 147 | E48: =D48*INDEX('Item Master'!$F$2:$F$51,MATCH($A48,'Item Master'!$A$2:$A$51,0)) -> 264600 | F48: =D48/365 -> 0.40273973 | G48: =MAX(Sales!$E$554:$E$565) -> 17 | H48: =AVERAGE(Sales!$E$554:$E$565) -> 12.25 | I48: =STDEV(Sales!$E$554:$E$565) -> 1.912875 | J48: =IFERROR(I48/H48,0) -> 0.15615306 | K48: =INDEX('Item Master'!$E$2:$E$51,MATCH($A48,'Item Master'!$A$2:$A$51,0)) -> 5 | L48: =((G48-H48)/30)*K48 -> 0.79166667 | M48: =(F48*K48)+L48 -> 2.8053653 | N48: =INDEX('Item Master'!$G$2:$G$51,MATCH($A48,'Item Master'!$A$2:$A$51,0)) -> 500 | O48: =INDEX('Item Master'!$H$2:$H$51,MATCH($A48,'Item Master'!$A$2:$A$51,0)) -> 360 | P48: =IFERROR(SQRT((2*D48*N48)/O48),0) -> 20.207259 | Q48: =IFERROR(P48/F48,0) -> 50.174488 | R48: =IFERROR(D48/P48,0) -> 7.2746134 | S48: =Calculations!$E$554 -> 207 | T48: =Calculations!$J$565 -> 220 | U48: =(S48+T48)/2 -> 213.5 | V48: =U48*INDEX('Item Master'!$F$2:$F$51,MATCH($A48,'Item Master'!$A$2:$A$51,0)) -> 384300 | W48: =IFERROR(E48/V48,0) -> 0.68852459 | X48: =IFERROR(365/W48,0) -> 530.11905 | Y48: =E48 -> 264600 | Z48: =SUMIF($Y$2:$Y$51,">="&Y48,$Y$2:$Y$51)/SUM($Y$2:$Y$51) -> 0.88698766 | AA48: =IF(Z48<=0.8,"A",IF(Z48<=0.95,"B","C")) -> B | AB48: =IF(AA48="A","Weekly",IF(AA48="B","Monthly","Quarterly")) -> Monthly | AC48: =T48 -> 220 | AD48: =IF(AC48<=M48,"REORDER NOW",IF(IFERROR(AC48/F48,0)>150,"OVERSTOCK","HEALTHY")) -> OVERSTOCK
A49: SKU048 | B49: Phone Cooling Fan Clip-on | C49: Gaming | D49: =SUM(Sales!$E$566:$E$577) -> 402 | E49: =D49*INDEX('Item Master'!$F$2:$F$51,MATCH($A49,'Item Master'!$A$2:$A$51,0)) -> 160800 | F49: =D49/365 -> 1.1013699 | G49: =MAX(Sales!$E$566:$E$577) -> 45 | H49: =AVERAGE(Sales!$E$566:$E$577) -> 33.5 | I49: =STDEV(Sales!$E$566:$E$577) -> 4.5226702 | J49: =IFERROR(I49/H49,0) -> 0.13500508 | K49: =INDEX('Item Master'!$E$2:$E$51,MATCH($A49,'Item Master'!$A$2:$A$51,0)) -> 14 | L49: =((G49-H49)/30)*K49 -> 5.3666667 | M49: =(F49*K49)+L49 -> 20.785845 | N49: =INDEX('Item Master'!$G$2:$G$51,MATCH($A49,'Item Master'!$A$2:$A$51,0)) -> 500 | O49: =INDEX('Item Master'!$H$2:$H$51,MATCH($A49,'Item Master'!$A$2:$A$51,0)) -> 80 | P49: =IFERROR(SQRT((2*D49*N49)/O49),0) -> 70.887234 | Q49: =IFERROR(P49/F49,0) -> 64.362787 | R49: =IFERROR(D49/P49,0) -> 5.6709788 | S49: =Calculations!$E$566 -> 316 | T49: =Calculations!$J$577 -> 356 | U49: =(S49+T49)/2 -> 336 | V49: =U49*INDEX('Item Master'!$F$2:$F$51,MATCH($A49,'Item Master'!$A$2:$A$51,0)) -> 134400 | W49: =IFERROR(E49/V49,0) -> 1.1964286 | X49: =IFERROR(365/W49,0) -> 305.07463 | Y49: =E49 -> 160800 | Z49: =SUMIF($Y$2:$Y$51,">="&Y49,$Y$2:$Y$51)/SUM($Y$2:$Y$51) -> 0.9478178 | AA49: =IF(Z49<=0.8,"A",IF(Z49<=0.95,"B","C")) -> B | AB49: =IF(AA49="A","Weekly",IF(AA49="B","Monthly","Quarterly")) -> Monthly | AC49: =T49 -> 356 | AD49: =IF(AC49<=M49,"REORDER NOW",IF(IFERROR(AC49/F49,0)>150,"OVERSTOCK","HEALTHY")) -> OVERSTOCK
A50: SKU049 | B50: Popsocket Grip | C50: Accessories | D50: =SUM(Sales!$E$578:$E$589) -> 515 | E50: =D50*INDEX('Item Master'!$F$2:$F$51,MATCH($A50,'Item Master'!$A$2:$A$51,0)) -> 30900 | F50: =D50/365 -> 1.4109589 | G50: =MAX(Sales!$E$578:$E$589) -> 73 | H50: =AVERAGE(Sales!$E$578:$E$589) -> 42.916667 | I50: =STDEV(Sales!$E$578:$E$589) -> 10.184287 | J50: =IFERROR(I50/H50,0) -> 0.23730377 | K50: =INDEX('Item Master'!$E$2:$E$51,MATCH($A50,'Item Master'!$A$2:$A$51,0)) -> 7 | L50: =((G50-H50)/30)*K50 -> 7.0194444 | M50: =(F50*K50)+L50 -> 16.896157 | N50: =INDEX('Item Master'!$G$2:$G$51,MATCH($A50,'Item Master'!$A$2:$A$51,0)) -> 500 | O50: =INDEX('Item Master'!$H$2:$H$51,MATCH($A50,'Item Master'!$A$2:$A$51,0)) -> 12 | P50: =IFERROR(SQRT((2*D50*N50)/O50),0) -> 207.16338 | Q50: =IFERROR(P50/F50,0) -> 146.82453 | R50: =IFERROR(D50/P50,0) -> 2.4859606 | S50: =Calculations!$E$578 -> 165 | T50: =Calculations!$J$589 -> 211 | U50: =(S50+T50)/2 -> 188 | V50: =U50*INDEX('Item Master'!$F$2:$F$51,MATCH($A50,'Item Master'!$A$2:$A$51,0)) -> 11280 | W50: =IFERROR(E50/V50,0) -> 2.7393617 | X50: =IFERROR(365/W50,0) -> 133.24272 | Y50: =E50 -> 30900 | Z50: =SUMIF($Y$2:$Y$51,">="&Y50,$Y$2:$Y$51)/SUM($Y$2:$Y$51) -> 0.99899237 | AA50: =IF(Z50<=0.8,"A",IF(Z50<=0.95,"B","C")) -> C | AB50: =IF(AA50="A","Weekly",IF(AA50="B","Monthly","Quarterly")) -> Quarterly | AC50: =T50 -> 211 | AD50: =IF(AC50<=M50,"REORDER NOW",IF(IFERROR(AC50/F50,0)>150,"OVERSTOCK","HEALTHY")) -> HEALTHY
A51: SKU050 | B51: Anti-Theft Phone Pouch | C51: Accessories | D51: =SUM(Sales!$E$590:$E$601) -> 231 | E51: =D51*INDEX('Item Master'!$F$2:$F$51,MATCH($A51,'Item Master'!$A$2:$A$51,0)) -> 41580 | F51: =D51/365 -> 0.63287671 | G51: =MAX(Sales!$E$590:$E$601) -> 25 | H51: =AVERAGE(Sales!$E$590:$E$601) -> 19.25 | I51: =STDEV(Sales!$E$590:$E$601) -> 2.4167973 | J51: =IFERROR(I51/H51,0) -> 0.12554791 | K51: =INDEX('Item Master'!$E$2:$E$51,MATCH($A51,'Item Master'!$A$2:$A$51,0)) -> 7 | L51: =((G51-H51)/30)*K51 -> 1.3416667 | M51: =(F51*K51)+L51 -> 5.7718037 | N51: =INDEX('Item Master'!$G$2:$G$51,MATCH($A51,'Item Master'!$A$2:$A$51,0)) -> 500 | O51: =INDEX('Item Master'!$H$2:$H$51,MATCH($A51,'Item Master'!$A$2:$A$51,0)) -> 36 | P51: =IFERROR(SQRT((2*D51*N51)/O51),0) -> 80.104099 | Q51: =IFERROR(P51/F51,0) -> 126.57141 | R51: =IFERROR(D51/P51,0) -> 2.8837476 | S51: =Calculations!$E$590 -> 381 | T51: =Calculations!$J$601 -> 420 | U51: =(S51+T51)/2 -> 400.5 | V51: =U51*INDEX('Item Master'!$F$2:$F$51,MATCH($A51,'Item Master'!$A$2:$A$51,0)) -> 72090 | W51: =IFERROR(E51/V51,0) -> 0.57677903 | X51: =IFERROR(365/W51,0) -> 632.82468 | Y51: =E51 -> 41580 | Z51: =SUMIF($Y$2:$Y$51,">="&Y51,$Y$2:$Y$51)/SUM($Y$2:$Y$51) -> 0.99810683 | AA51: =IF(Z51<=0.8,"A",IF(Z51<=0.95,"B","C")) -> C | AB51: =IF(AA51="A","Weekly",IF(AA51="B","Monthly","Quarterly")) -> Quarterly | AC51: =T51 -> 420 | AD51: =IF(AC51<=M51,"REORDER NOW",IF(IFERROR(AC51/F51,0)>150,"OVERSTOCK","HEALTHY")) -> OVERSTOCK

Sheet Lists
A1: Month Options | B1: Category Options | C1: Product Options
A2: All | B2: All | C2: All
A3: Jan | B3: Accessories | C3: Wireless Earbuds Pro
A4: Feb | B4: Audio | C4: Bluetooth Speaker Mini
A5: Mar | B5: Cables | C5: Bluetooth Speaker XL
A6: Apr | B6: Cases | C6: Wired Earphones Basic
A7: May | B7: Chargers | C7: Noise Cancelling Headphones
A8: Jun | B8: Gaming | C8: USB-C Charging Cable 1m
A9: Jul | B9: Peripherals | C9: USB-C Charging Cable 2m
A10: Aug | B10: Power Banks | C10: Lightning Cable 1m
A11: Sep | B11: Screen Protection | C11: Micro USB Cable
A12: Oct | B12: Storage | C12: HDMI Cable 2m
... A14: Dec | B14: Wearables | C14: 65W GaN Charger
C15: Wireless Charging Pad
C16: Car Charger Dual Port
C17: Power Bank 10000mAh
C18: Power Bank 20000mAh
C19: Power Bank 5000mAh Slim
C20: Clear Phone Case - iPhone
C21: Clear Phone Case - Samsung
C22: Rugged Phone Case - iPhone
C23: Rugged Phone Case - Samsung
C24: Leather Wallet Case
C25: Tempered Glass Screen Protector
C26: Privacy Screen Protector
... C52: Anti-Theft Phone Pouch
